transaction_id,account_id,tran_date,settle_date,merchant_id,transaction_type,amount_in_actual_currency,conversion_rate,final_amount,amount_settled
1,1054,2024-03-02,2024-03-06,2013,Credit,66.34,0.95,63.02,66.34
2,1080,2024-08-10,2024-08-14,2014,Debit,376.98,0.97,365.67,376.98
3,1087,2024-05-22,2024-05-24,2009,Credit,97.44,0.99,96.47,97.44
4,1002,2024-07-13,2024-07-17,2005,Debit,209.82,0.95,199.33,209.82
5,1032,2024-03-13,2024-03-16,2018,Credit,272.47,0.95,258.85,272.47
6,1022,2024-02-18,2024-02-21,2001,Debit,166.5,1.06,176.49,166.5
7,1046,2024-11-03,2024-11-06,2012,Credit,316.26,1.05,332.07,316.26
8,1012,2024-06-14,2024-06-18,2003,Debit,184.5,0.95,175.28,184.5
9,1075,2024-07-05,2024-07-07,2002,Credit,77.47,0.99,76.7,77.47
10,1093,2024-03-17,2024-03-20,2015,Credit,332.38,1.02,339.03,332.38
11,1099,2024-10-22,2024-10-25,2014,Credit,393.75,0.9,354.38,393.75
12,1039,2024-03-15,2024-03-17,2017,Credit,411.06,1.03,423.39,411.06
13,1097,2024-01-18,2024-01-20,2013,Debit,63.47,1.02,64.74,63.47
14,1009,2024-12-22,2024-12-24,2009,Credit,99.84,0.96,95.85,99.84
15,1030,2024-03-11,2024-03-13,2011,Credit,496.73,1.0,496.73,496.73
16,1082,2024-03-31,2024-04-04,2014,Credit,84.11,0.99,83.27,84.11
17,1002,2024-02-01,2024-02-04,2001,Credit,360.71,0.91,328.25,360.71
18,1075,2024-02-01,2024-02-05,2003,Debit,298.89,0.98,292.91,298.89
19,1029,2024-08-18,2024-08-22,2019,Debit,272.5,1.01,275.23,272.5
20,1059,2024-05-10,2024-05-12,2010,Credit,11.99,0.94,11.27,11.99
21,1008,2024-08-06,2024-08-10,2005,Credit,160.43,0.91,145.99,160.43
22,1056,2024-02-16,2024-02-18,2011,Credit,139.11,1.02,141.89,139.11
23,1066,2024-03-06,2024-03-09,2006,Credit,48.12,1.01,48.6,48.12
24,1090,2024-09-09,2024-09-10,2009,Debit,360.45,1.0,360.45,360.45
25,1031,2024-05-13,2024-05-17,2013,Debit,139.12,0.9,125.21,139.12
26,1023,2024-11-21,2024-11-25,2008,Credit,340.39,0.91,309.75,340.39
27,1013,2024-10-01,2024-10-05,2008,Debit,70.06,1.05,73.56,70.06
28,1056,2024-05-24,2024-05-27,2015,Credit,232.16,0.98,227.52,232.16
29,1013,2024-07-26,2024-07-30,2015,Debit,217.02,0.93,201.83,217.02
30,1030,2024-07-01,2024-07-02,2018,Debit,317.38,0.9,285.64,317.38
31,1014,2024-06-21,2024-06-25,2009,Debit,289.67,1.06,307.05,289.67
32,1085,2024-04-09,2024-04-12,2020,Debit,337.65,0.94,317.39,337.65
33,1011,2024-03-12,2024-03-13,2014,Debit,71.28,1.09,77.7,71.28
34,1059,2024-12-26,2024-12-29,2008,Debit,97.84,1.0,97.84,97.84
35,1011,2024-05-03,2024-05-06,2007,Credit,272.31,0.93,253.25,272.31
36,1086,2024-10-07,2024-10-09,2018,Credit,360.11,1.03,370.91,360.11
37,1008,2024-10-17,2024-10-18,2008,Credit,181.72,0.93,169.0,181.72
38,1078,2024-08-19,2024-08-22,2016,Debit,349.79,1.01,353.29,349.79
39,1003,2024-03-07,2024-03-08,2011,Credit,138.03,1.07,147.69,138.03
40,1093,2024-02-17,2024-02-21,2020,Debit,354.87,1.08,383.26,354.87
41,1082,2024-02-17,2024-02-21,2009,Credit,477.47,1.06,506.12,477.47
42,1072,2024-11-13,2024-11-14,2009,Credit,425.73,0.96,408.7,425.73
43,1089,2024-01-05,2024-01-08,2005,Credit,457.43,1.03,471.15,457.43
44,1025,2024-12-17,2024-12-21,2007,Credit,355.35,0.97,344.69,355.35
45,1046,2024-09-09,2024-09-11,2003,Debit,192.59,1.0,192.59,192.59
46,1011,2024-06-21,2024-06-24,2020,Debit,373.75,1.06,396.18,373.75
47,1082,2024-03-16,2024-03-19,2010,Credit,422.33,1.07,451.89,422.33
48,1091,2024-03-25,2024-03-29,2001,Debit,15.19,0.97,14.73,15.19
49,1030,2024-07-09,2024-07-10,2014,Credit,316.74,1.08,342.08,316.74
50,1031,2024-05-29,2024-06-02,2006,Credit,181.79,0.95,172.7,181.79
51,1016,2024-03-15,2024-03-18,2004,Debit,117.96,1.09,128.58,117.96
52,1061,2024-10-03,2024-10-05,2013,Debit,54.03,1.08,58.35,54.03
53,1022,2024-06-03,2024-06-07,2005,Credit,142.79,1.08,154.21,142.79
54,1067,2024-05-31,2024-06-04,2019,Debit,330.46,1.04,343.68,330.46
55,1079,2024-12-27,2024-12-29,2010,Debit,218.58,0.95,207.65,218.58
56,1094,2024-09-09,2024-09-12,2018,Debit,58.89,1.04,61.25,58.89
57,1021,2024-10-06,2024-10-08,2018,Credit,255.51,0.98,250.4,255.51
58,1018,2024-10-20,2024-10-21,2009,Credit,200.21,0.97,194.2,200.21
59,1012,2024-06-24,2024-06-25,2001,Debit,385.9,1.05,405.2,385.9
60,1098,2024-09-03,2024-09-06,2012,Credit,62.33,0.94,58.59,62.33
61,1003,2024-04-24,2024-04-28,2010,Credit,460.07,1.09,501.48,460.07
62,1083,2024-05-01,2024-05-02,2016,Credit,122.47,1.09,133.49,122.47
63,1095,2024-01-29,2024-02-02,2001,Credit,391.96,0.93,364.52,391.96
64,1087,2024-05-18,2024-05-20,2005,Credit,494.88,1.04,514.68,494.88
65,1048,2024-06-30,2024-07-03,2011,Credit,40.18,0.91,36.56,40.18
66,1064,2024-09-23,2024-09-27,2009,Credit,21.48,1.0,21.48,21.48
67,1043,2024-08-07,2024-08-08,2018,Credit,289.93,0.93,269.63,289.93
68,1009,2024-12-05,2024-12-08,2007,Debit,21.87,1.08,23.62,21.87
69,1094,2024-08-31,2024-09-03,2007,Debit,88.51,0.93,82.31,88.51
70,1040,2024-04-26,2024-04-28,2017,Credit,489.82,1.08,529.01,489.82
71,1090,2024-08-26,2024-08-29,2009,Credit,450.94,1.09,491.52,450.94
72,1047,2024-03-30,2024-04-01,2013,Credit,56.98,1.01,57.55,56.98
73,1070,2024-12-10,2024-12-13,2020,Debit,234.07,1.07,250.45,234.07
74,1092,2024-05-20,2024-05-24,2020,Credit,136.29,0.92,125.39,136.29
75,1082,2024-05-05,2024-05-06,2013,Credit,242.2,0.96,232.51,242.2
76,1058,2024-11-09,2024-11-10,2007,Debit,470.4,0.96,451.58,470.4
77,1037,2024-06-22,2024-06-23,2011,Credit,134.07,1.02,136.75,134.07
78,1031,2024-06-24,2024-06-25,2010,Credit,355.13,0.98,348.03,355.13
79,1052,2024-12-06,2024-12-07,2019,Debit,283.41,0.91,257.9,283.41
80,1066,2024-08-31,2024-09-02,2016,Credit,60.56,1.08,65.4,60.56
81,1100,2024-12-23,2024-12-24,2018,Debit,342.52,1.02,349.37,342.52
82,1063,2024-02-17,2024-02-18,2003,Debit,291.45,0.98,285.62,291.45
83,1017,2024-03-17,2024-03-19,2015,Debit,460.86,1.0,460.86,460.86
84,1065,2024-08-06,2024-08-10,2001,Credit,156.64,1.0,156.64,156.64
85,1099,2024-05-16,2024-05-17,2020,Debit,139.58,0.95,132.6,139.58
86,1044,2024-06-02,2024-06-06,2008,Credit,101.3,1.01,102.31,101.3
87,1019,2024-02-02,2024-02-06,2007,Credit,254.76,0.9,229.28,254.76
88,1029,2024-02-09,2024-02-12,2009,Credit,470.52,0.99,465.81,470.52
89,1001,2024-04-06,2024-04-10,2018,Credit,143.19,1.08,154.65,143.19
90,1052,2024-05-15,2024-05-17,2020,Debit,33.07,0.93,30.76,33.07
91,1098,2024-04-28,2024-04-29,2013,Credit,305.61,1.07,327.0,305.61
92,1047,2024-03-29,2024-04-01,2008,Credit,95.46,0.99,94.51,95.46
93,1006,2024-01-12,2024-01-15,2004,Debit,389.04,0.95,369.59,389.04
94,1072,2024-07-13,2024-07-14,2007,Credit,193.0,0.98,189.14,193.0
95,1038,2024-01-16,2024-01-18,2015,Credit,103.64,0.95,98.46,103.64
96,1054,2024-08-28,2024-08-29,2015,Credit,487.15,1.06,516.38,487.15
97,1005,2024-12-04,2024-12-07,2018,Debit,85.21,0.97,82.65,85.21
98,1068,2024-03-03,2024-03-06,2010,Debit,196.54,1.06,208.33,196.54
99,1016,2024-04-17,2024-04-19,2005,Debit,425.97,1.02,434.49,425.97
100,1023,2024-05-14,2024-05-15,2007,Debit,54.54,1.02,55.63,54.54
101,1013,2024-05-15,2024-05-17,2002,Debit,213.04,0.92,196.0,213.04
102,1049,2024-11-16,2024-11-20,2002,Debit,226.92,0.98,222.38,226.92
103,1059,2024-08-15,2024-08-19,2016,Debit,478.45,0.97,464.1,478.45
104,1061,2024-03-01,2024-03-03,2012,Credit,163.79,0.99,162.15,163.79
105,1075,2024-06-17,2024-06-20,2003,Credit,132.81,1.08,143.43,132.81
106,1020,2024-10-06,2024-10-07,2003,Credit,472.39,1.05,496.01,472.39
107,1012,2024-12-16,2024-12-18,2003,Credit,122.41,0.96,117.51,122.41
108,1082,2024-02-07,2024-02-11,2018,Debit,116.8,1.09,127.31,116.8
109,1057,2024-12-28,2024-12-31,2008,Credit,145.63,0.91,132.52,145.63
110,1006,2024-02-19,2024-02-23,2010,Credit,177.91,0.95,169.01,177.91
111,1013,2024-05-27,2024-05-30,2011,Debit,428.85,1.1,471.74,428.85
112,1070,2024-12-14,2024-12-17,2018,Debit,360.26,0.95,342.25,360.26
113,1009,2024-04-19,2024-04-21,2009,Debit,355.56,1.09,387.56,355.56
114,1025,2024-11-13,2024-11-15,2010,Debit,229.74,0.9,206.77,229.74
115,1079,2024-01-31,2024-02-04,2002,Debit,286.27,1.1,314.9,286.27
116,1042,2024-09-01,2024-09-04,2007,Debit,118.75,0.97,115.19,118.75
117,1066,2024-10-02,2024-10-06,2010,Debit,150.67,1.04,156.7,150.67
118,1033,2024-06-04,2024-06-08,2002,Debit,285.33,0.9,256.8,285.33
119,1049,2024-11-02,2024-11-05,2019,Credit,455.36,1.07,487.24,455.36
120,1023,2024-12-07,2024-12-09,2014,Debit,100.11,0.91,91.1,100.11
121,1080,2024-11-13,2024-11-15,2014,Debit,171.81,1.07,183.84,171.81
122,1098,2024-03-08,2024-03-12,2009,Debit,76.27,1.02,77.8,76.27
123,1020,2024-11-30,2024-12-04,2017,Credit,106.98,1.06,113.4,106.98
124,1060,2024-04-14,2024-04-15,2011,Credit,72.34,1.06,76.68,72.34
125,1088,2024-04-05,2024-04-09,2012,Credit,150.08,0.96,144.08,150.08
126,1047,2024-03-31,2024-04-04,2012,Debit,166.46,1.1,183.11,166.46
127,1034,2024-10-30,2024-11-03,2020,Debit,336.6,0.97,326.5,336.6
128,1045,2024-10-30,2024-11-02,2011,Credit,481.66,1.08,520.19,481.66
129,1092,2024-01-19,2024-01-21,2019,Debit,470.48,0.99,465.78,470.48
130,1018,2024-05-31,2024-06-04,2011,Debit,412.27,0.92,379.29,412.27
131,1014,2024-10-20,2024-10-21,2006,Debit,191.17,1.04,198.82,191.17
132,1086,2024-04-30,2024-05-04,2006,Debit,210.55,0.95,200.02,210.55
133,1059,2024-03-29,2024-04-02,2004,Debit,119.23,0.9,107.31,119.23
134,1077,2024-01-23,2024-01-27,2012,Credit,472.82,0.94,444.45,472.82
135,1006,2024-07-14,2024-07-18,2003,Debit,477.65,0.97,463.32,477.65
136,1024,2024-09-05,2024-09-07,2016,Debit,314.47,1.06,333.34,314.47
137,1017,2024-05-22,2024-05-24,2010,Credit,310.45,1.03,319.76,310.45
138,1029,2024-05-24,2024-05-27,2009,Debit,310.17,0.97,300.86,310.17
139,1018,2024-04-17,2024-04-19,2014,Credit,381.65,0.96,366.38,381.65
140,1043,2024-08-10,2024-08-14,2002,Credit,355.49,0.9,319.94,355.49
141,1092,2024-02-18,2024-02-22,2006,Debit,393.22,0.98,385.36,393.22
142,1063,2024-02-25,2024-02-26,2012,Debit,413.74,1.07,442.7,413.74
143,1052,2024-12-12,2024-12-16,2001,Credit,133.54,0.97,129.53,133.54
144,1075,2024-02-26,2024-03-01,2001,Debit,160.94,0.91,146.46,160.94
145,1074,2024-03-25,2024-03-26,2008,Debit,251.43,0.96,241.37,251.43
146,1063,2024-03-20,2024-03-22,2013,Credit,489.97,1.0,489.97,489.97
147,1053,2024-05-02,2024-05-04,2008,Debit,496.67,1.08,536.4,496.67
148,1049,2024-05-03,2024-05-06,2002,Debit,127.36,1.08,137.55,127.36
149,1090,2024-01-12,2024-01-15,2009,Debit,267.4,0.96,256.7,267.4
150,1011,2024-09-27,2024-09-30,2017,Debit,333.44,0.97,323.44,333.44
151,1053,2024-08-07,2024-08-11,2011,Credit,437.5,0.96,420.0,437.5
152,1037,2024-03-01,2024-03-02,2009,Debit,336.12,1.0,336.12,336.12
153,1029,2024-02-02,2024-02-03,2014,Credit,332.47,1.04,345.77,332.47
154,1096,2024-01-15,2024-01-16,2015,Debit,322.26,0.93,299.7,322.26
155,1024,2024-12-03,2024-12-06,2004,Debit,324.25,0.96,311.28,324.25
156,1068,2024-03-03,2024-03-07,2003,Credit,339.34,0.91,308.8,339.34
157,1079,2024-12-05,2024-12-06,2014,Debit,33.11,1.06,35.1,33.11
158,1014,2024-09-06,2024-09-10,2010,Credit,169.65,1.06,179.83,169.65
159,1070,2024-01-02,2024-01-05,2006,Debit,89.33,1.1,98.26,89.33
160,1084,2024-10-09,2024-10-10,2018,Credit,259.37,0.98,254.18,259.37
161,1015,2024-06-02,2024-06-05,2003,Credit,267.0,0.9,240.3,267.0
162,1087,2024-05-17,2024-05-18,2006,Debit,265.69,1.01,268.35,265.69
163,1069,2024-10-18,2024-10-21,2017,Debit,148.89,1.08,160.8,148.89
164,1080,2024-06-29,2024-07-02,2018,Credit,233.78,1.09,254.82,233.78
165,1092,2024-06-10,2024-06-13,2009,Credit,182.96,1.02,186.62,182.96
166,1021,2024-04-21,2024-04-22,2016,Credit,250.73,0.9,225.66,250.73
167,1017,2024-08-30,2024-08-31,2002,Credit,23.96,1.04,24.92,23.96
168,1002,2024-11-05,2024-11-09,2015,Credit,261.64,1.09,285.19,261.64
169,1032,2024-06-22,2024-06-24,2014,Credit,287.39,1.06,304.63,287.39
170,1033,2024-06-14,2024-06-16,2011,Debit,321.11,1.06,340.38,321.11
171,1031,2024-12-04,2024-12-08,2001,Debit,295.21,1.06,312.92,295.21
172,1080,2024-03-01,2024-03-03,2012,Debit,247.68,0.97,240.25,247.68
173,1013,2024-05-07,2024-05-08,2002,Debit,152.09,1.0,152.09,152.09
174,1052,2024-07-13,2024-07-15,2004,Credit,94.94,1.06,100.64,94.94
175,1042,2024-04-11,2024-04-13,2008,Credit,448.75,0.99,444.26,448.75
176,1085,2024-03-08,2024-03-09,2004,Credit,158.31,1.1,174.14,158.31
177,1078,2024-05-20,2024-05-22,2014,Credit,442.07,1.01,446.49,442.07
178,1019,2024-05-21,2024-05-23,2001,Debit,267.36,0.92,245.97,267.36
179,1017,2024-08-28,2024-08-31,2015,Credit,344.6,0.92,317.03,344.6
180,1052,2024-05-09,2024-05-10,2016,Debit,307.25,1.1,337.98,307.25
181,1027,2024-02-16,2024-02-17,2009,Debit,142.74,1.05,149.88,142.74
182,1090,2024-03-03,2024-03-06,2011,Debit,75.86,1.06,80.41,75.86
183,1063,2024-06-14,2024-06-17,2007,Credit,69.16,1.08,74.69,69.16
184,1078,2024-08-21,2024-08-22,2013,Debit,181.36,1.04,188.61,181.36
185,1092,2024-05-15,2024-05-17,2005,Debit,48.07,0.93,44.71,48.07
186,1077,2024-10-05,2024-10-06,2007,Credit,99.05,1.08,106.97,99.05
187,1095,2024-04-25,2024-04-27,2011,Credit,276.54,1.02,282.07,276.54
188,1012,2024-12-09,2024-12-10,2004,Credit,198.46,1.02,202.43,198.46
189,1034,2024-12-18,2024-12-21,2014,Credit,258.92,1.03,266.69,258.92
190,1082,2024-02-08,2024-02-12,2005,Debit,420.28,0.93,390.86,420.28
191,1065,2024-06-27,2024-06-28,2020,Debit,128.48,0.97,124.63,128.48
192,1091,2024-05-23,2024-05-25,2001,Credit,49.65,1.09,54.12,49.65
193,1077,2024-01-25,2024-01-29,2013,Credit,159.77,0.97,154.98,159.77
194,1013,2024-04-10,2024-04-13,2001,Debit,153.73,0.95,146.04,153.73
195,1034,2024-06-14,2024-06-17,2017,Credit,272.24,0.91,247.74,272.24
196,1043,2024-11-06,2024-11-07,2015,Credit,336.65,0.97,326.55,336.65
197,1033,2024-03-04,2024-03-08,2012,Debit,342.0,1.0,342.0,342.0
198,1001,2024-12-06,2024-12-10,2020,Debit,72.0,1.09,78.48,72.0
199,1010,2024-12-21,2024-12-23,2005,Credit,393.13,1.02,400.99,393.13
200,1033,2024-08-24,2024-08-25,2006,Debit,437.95,1.04,455.47,437.95
201,1099,2024-09-25,2024-09-26,2003,Debit,378.01,0.95,359.11,378.01
202,1085,2024-04-22,2024-04-24,2011,Credit,302.66,1.09,329.9,302.66
203,1095,2024-12-06,2024-12-07,2001,Debit,152.84,1.09,166.6,152.84
204,1087,2024-04-16,2024-04-20,2012,Credit,453.67,0.92,417.38,453.67
205,1066,2024-02-26,2024-03-01,2020,Debit,365.66,1.09,398.57,365.66
206,1065,2024-12-01,2024-12-02,2005,Debit,299.19,0.9,269.27,299.19
207,1040,2024-03-05,2024-03-06,2013,Debit,368.68,0.98,361.31,368.68
208,1075,2024-11-10,2024-11-14,2015,Credit,311.79,0.98,305.55,311.79
209,1024,2024-07-19,2024-07-22,2012,Debit,75.25,0.95,71.49,75.25
210,1087,2024-11-14,2024-11-16,2002,Credit,70.23,0.94,66.02,70.23
211,1072,2024-09-20,2024-09-24,2019,Credit,199.97,1.0,199.97,199.97
212,1038,2024-10-26,2024-10-27,2012,Debit,148.69,1.04,154.64,148.69
213,1028,2024-05-23,2024-05-25,2015,Debit,119.97,1.01,121.17,119.97
214,1088,2024-02-08,2024-02-10,2015,Credit,478.62,1.1,526.48,478.62
215,1062,2024-01-22,2024-01-24,2008,Debit,443.25,1.04,460.98,443.25
216,1011,2024-03-07,2024-03-09,2018,Debit,433.69,0.95,412.01,433.69
217,1059,2024-05-06,2024-05-08,2020,Debit,361.38,1.04,375.84,361.38
218,1071,2024-07-16,2024-07-17,2015,Debit,283.63,1.03,292.14,283.63
219,1099,2024-05-24,2024-05-25,2002,Debit,238.18,1.03,245.33,238.18
220,1015,2024-10-21,2024-10-25,2002,Credit,20.66,1.06,21.9,20.66
221,1034,2024-04-13,2024-04-16,2013,Debit,466.04,1.07,498.66,466.04
222,1025,2024-01-07,2024-01-08,2018,Credit,456.75,0.98,447.62,456.75
223,1026,2024-07-17,2024-07-20,2005,Debit,495.66,0.91,451.05,495.66
224,1076,2024-07-05,2024-07-08,2020,Debit,261.32,0.97,253.48,261.32
225,1068,2024-03-05,2024-03-07,2018,Debit,257.87,0.94,242.4,257.87
226,1008,2024-04-17,2024-04-18,2002,Debit,197.9,0.92,182.07,197.9
227,1025,2024-08-24,2024-08-27,2003,Debit,27.77,0.95,26.38,27.77
228,1083,2024-11-17,2024-11-18,2020,Debit,488.68,0.94,459.36,488.68
229,1066,2024-04-03,2024-04-07,2009,Credit,85.16,0.94,80.05,85.16
230,1013,2024-12-30,2025-01-01,2014,Credit,23.19,0.94,21.8,23.19
231,1094,2024-04-03,2024-04-05,2003,Credit,172.29,0.92,158.51,172.29
232,1060,2024-03-08,2024-03-10,2011,Debit,174.31,0.92,160.37,174.31
233,1007,2024-01-21,2024-01-23,2020,Credit,386.06,0.91,351.31,386.06
234,1074,2024-12-08,2024-12-11,2018,Debit,68.3,1.07,73.08,68.3
235,1044,2024-01-31,2024-02-03,2008,Credit,445.76,1.06,472.51,445.76
236,1060,2024-02-01,2024-02-05,2013,Credit,308.78,1.0,308.78,308.78
237,1088,2024-10-04,2024-10-07,2008,Credit,257.46,1.03,265.18,257.46
238,1009,2024-03-07,2024-03-11,2001,Credit,456.15,1.02,465.27,456.15
239,1034,2024-08-29,2024-08-30,2020,Credit,186.43,0.96,178.97,186.43
240,1090,2024-11-24,2024-11-25,2016,Debit,173.97,0.99,172.23,173.97
241,1076,2024-08-16,2024-08-19,2009,Credit,385.14,1.01,388.99,385.14
242,1036,2024-11-03,2024-11-07,2014,Debit,286.61,1.04,298.07,286.61
243,1006,2024-08-03,2024-08-05,2017,Debit,187.11,1.07,200.21,187.11
244,1069,2024-08-20,2024-08-21,2005,Credit,382.49,1.04,397.79,382.49
245,1029,2024-07-31,2024-08-02,2018,Debit,61.06,1.07,65.33,61.06
246,1015,2024-05-01,2024-05-04,2005,Debit,57.86,0.94,54.39,57.86
247,1087,2024-01-01,2024-01-03,2007,Debit,303.26,0.95,288.1,303.26
248,1007,2024-02-02,2024-02-03,2012,Credit,354.06,1.0,354.06,354.06
249,1019,2024-07-28,2024-07-29,2003,Credit,261.22,0.98,256.0,261.22
250,1053,2024-10-23,2024-10-27,2017,Credit,298.87,1.07,319.79,298.87
251,1083,2024-07-27,2024-07-31,2009,Debit,453.15,1.06,480.34,453.15
252,1048,2024-08-15,2024-08-18,2015,Debit,131.17,1.08,141.66,131.17
253,1069,2024-02-04,2024-02-08,2002,Debit,82.13,0.9,73.92,82.13
254,1081,2024-02-29,2024-03-01,2001,Credit,477.53,1.1,525.28,477.53
255,1040,2024-08-07,2024-08-10,2004,Debit,125.15,0.92,115.14,125.15
256,1026,2024-07-22,2024-07-25,2016,Debit,116.53,1.04,121.19,116.53
257,1064,2024-04-17,2024-04-19,2007,Credit,246.49,1.01,248.95,246.49
258,1041,2024-01-07,2024-01-10,2015,Debit,190.15,0.97,184.45,190.15
259,1002,2024-06-02,2024-06-06,2003,Credit,388.77,0.99,384.88,388.77
260,1095,2024-02-19,2024-02-21,2018,Debit,357.76,1.05,375.65,357.76
261,1071,2024-09-23,2024-09-27,2007,Debit,427.83,0.93,397.88,427.83
262,1041,2024-09-20,2024-09-22,2011,Debit,366.63,0.98,359.3,366.63
263,1081,2024-12-28,2024-12-31,2001,Credit,18.71,0.98,18.34,18.71
264,1036,2024-11-25,2024-11-26,2005,Debit,331.64,1.05,348.22,331.64
265,1088,2024-04-10,2024-04-12,2017,Credit,128.33,0.91,116.78,128.33
266,1076,2024-10-16,2024-10-20,2003,Credit,20.39,1.09,22.23,20.39
267,1020,2024-03-27,2024-03-29,2008,Debit,241.83,0.96,232.16,241.83
268,1025,2024-03-06,2024-03-08,2018,Credit,360.37,1.03,371.18,360.37
269,1009,2024-11-02,2024-11-05,2018,Debit,168.92,0.95,160.47,168.92
270,1037,2024-09-12,2024-09-13,2005,Debit,73.96,0.93,68.78,73.96
271,1024,2024-08-20,2024-08-23,2016,Debit,469.06,0.94,440.92,469.06
272,1022,2024-05-09,2024-05-13,2005,Debit,274.15,0.97,265.93,274.15
273,1001,2024-05-22,2024-05-24,2012,Credit,65.63,1.06,69.57,65.63
274,1046,2024-06-03,2024-06-04,2002,Credit,320.45,1.09,349.29,320.45
275,1095,2024-02-15,2024-02-16,2012,Debit,116.9,1.08,126.25,116.9
276,1067,2024-04-17,2024-04-20,2017,Credit,294.19,0.97,285.36,294.19
277,1026,2024-05-12,2024-05-13,2001,Debit,80.45,1.08,86.89,80.45
278,1067,2024-01-10,2024-01-12,2005,Debit,118.35,1.05,124.27,118.35
279,1094,2024-01-25,2024-01-28,2020,Debit,346.11,1.1,380.72,346.11
280,1061,2024-12-05,2024-12-08,2006,Debit,469.12,0.93,436.28,469.12
281,1066,2024-10-10,2024-10-12,2018,Debit,171.69,1.09,187.14,171.69
282,1023,2024-04-25,2024-04-28,2013,Credit,365.45,1.0,365.45,365.45
283,1057,2024-02-07,2024-02-08,2004,Credit,484.72,1.0,484.72,484.72
284,1068,2024-11-06,2024-11-07,2012,Credit,248.86,1.06,263.79,248.86
285,1031,2024-09-27,2024-09-29,2011,Credit,112.38,1.03,115.75,112.38
286,1042,2024-02-14,2024-02-16,2007,Credit,109.04,0.93,101.41,109.04
287,1064,2024-09-19,2024-09-20,2015,Debit,87.53,0.93,81.4,87.53
288,1012,2024-03-22,2024-03-25,2011,Debit,37.21,1.09,40.56,37.21
289,1055,2024-11-26,2024-11-29,2004,Debit,424.84,0.94,399.35,424.84
290,1016,2024-02-16,2024-02-19,2007,Debit,357.55,1.06,379.0,357.55
291,1090,2024-11-14,2024-11-16,2005,Debit,341.09,0.92,313.8,341.09
292,1044,2024-04-04,2024-04-08,2016,Credit,319.61,0.91,290.85,319.61
293,1055,2024-02-15,2024-02-18,2006,Debit,129.91,1.0,129.91,129.91
294,1096,2024-12-21,2024-12-24,2016,Credit,251.47,1.07,269.07,251.47
295,1065,2024-07-05,2024-07-06,2012,Debit,393.72,1.09,429.15,393.72
296,1023,2024-02-12,2024-02-16,2015,Debit,151.55,0.9,136.4,151.55
297,1062,2024-07-23,2024-07-26,2005,Credit,389.4,0.98,381.61,389.4
298,1076,2024-05-10,2024-05-13,2018,Credit,165.67,1.07,177.27,165.67
299,1031,2024-11-02,2024-11-05,2020,Debit,231.3,1.01,233.61,231.3
300,1069,2024-11-23,2024-11-24,2020,Credit,232.29,1.0,232.29,232.29
301,1064,2024-06-14,2024-06-16,2017,Credit,259.23,0.99,256.64,259.23
302,1095,2024-02-22,2024-02-25,2020,Credit,29.56,0.99,29.26,29.56
303,1089,2024-10-05,2024-10-07,2014,Debit,11.98,1.07,12.82,11.98
304,1039,2024-05-10,2024-05-11,2001,Debit,87.29,0.94,82.05,87.29
305,1005,2024-03-05,2024-03-06,2007,Debit,156.78,0.93,145.81,156.78
306,1010,2024-08-11,2024-08-14,2015,Debit,198.21,0.96,190.28,198.21
307,1079,2024-06-08,2024-06-12,2011,Credit,14.91,1.08,16.1,14.91
308,1052,2024-07-31,2024-08-04,2018,Credit,364.88,1.05,383.12,364.88
309,1076,2024-12-21,2024-12-22,2011,Credit,199.34,0.91,181.4,199.34
310,1096,2024-11-24,2024-11-25,2011,Credit,312.63,0.96,300.12,312.63
311,1003,2024-10-17,2024-10-19,2012,Credit,138.82,1.05,145.76,138.82
312,1089,2024-12-17,2024-12-18,2014,Credit,450.44,1.03,463.95,450.44
313,1094,2024-04-23,2024-04-27,2014,Credit,424.13,0.91,385.96,424.13
314,1067,2024-01-01,2024-01-05,2002,Debit,463.38,1.05,486.55,463.38
315,1068,2024-03-13,2024-03-14,2007,Debit,381.7,1.1,419.87,381.7
316,1084,2024-12-01,2024-12-03,2001,Debit,315.24,1.09,343.61,315.24
317,1011,2024-10-15,2024-10-18,2014,Credit,53.93,1.08,58.24,53.93
318,1092,2024-06-27,2024-06-29,2005,Credit,277.98,1.1,305.78,277.98
319,1053,2024-07-30,2024-07-31,2015,Debit,377.7,1.09,411.69,377.7
320,1081,2024-01-02,2024-01-03,2018,Debit,393.01,1.07,420.52,393.01
321,1056,2024-05-28,2024-05-29,2012,Debit,97.11,0.95,92.25,97.11
322,1010,2024-05-22,2024-05-25,2007,Credit,298.44,1.08,322.32,298.44
323,1077,2024-03-17,2024-03-20,2017,Debit,458.43,1.06,485.94,458.43
324,1082,2024-01-05,2024-01-07,2003,Debit,220.95,1.07,236.42,220.95
325,1064,2024-01-09,2024-01-13,2001,Debit,51.17,1.02,52.19,51.17
326,1004,2024-01-18,2024-01-20,2009,Debit,447.03,0.96,429.15,447.03
327,1014,2024-07-17,2024-07-18,2003,Debit,123.76,0.96,118.81,123.76
328,1065,2024-11-06,2024-11-08,2011,Credit,490.11,1.06,519.52,490.11
329,1056,2024-01-16,2024-01-17,2008,Credit,354.52,1.09,386.43,354.52
330,1032,2024-11-21,2024-11-25,2019,Credit,402.68,1.02,410.73,402.68
331,1057,2024-12-18,2024-12-20,2017,Credit,277.18,1.06,293.81,277.18
332,1004,2024-05-21,2024-05-24,2017,Debit,268.7,0.98,263.33,268.7
333,1017,2024-07-28,2024-07-30,2004,Debit,402.1,1.01,406.12,402.1
334,1012,2024-09-28,2024-09-29,2019,Credit,251.68,0.98,246.65,251.68
335,1007,2024-07-21,2024-07-25,2003,Debit,312.8,1.02,319.06,312.8
336,1081,2024-06-02,2024-06-03,2007,Credit,482.24,1.06,511.17,482.24
337,1026,2024-12-26,2024-12-28,2003,Debit,156.71,1.03,161.41,156.71
338,1073,2024-06-30,2024-07-03,2009,Debit,307.68,0.96,295.37,307.68
339,1100,2024-10-06,2024-10-08,2007,Credit,131.38,0.95,124.81,131.38
340,1083,2024-01-27,2024-01-29,2020,Credit,127.9,1.07,136.85,127.9
341,1010,2024-05-25,2024-05-29,2003,Credit,137.46,0.97,133.34,137.46
342,1002,2024-07-01,2024-07-05,2006,Debit,343.21,0.96,329.48,343.21
343,1037,2024-03-29,2024-03-30,2009,Debit,495.24,0.91,450.67,495.24
344,1031,2024-04-27,2024-04-29,2015,Credit,65.99,1.08,71.27,65.99
345,1014,2024-12-14,2024-12-16,2014,Debit,52.39,1.02,53.44,52.39
346,1091,2024-09-22,2024-09-26,2017,Credit,309.09,0.98,302.91,309.09
347,1024,2024-05-13,2024-05-17,2003,Debit,157.26,1.06,166.7,157.26
348,1001,2024-03-16,2024-03-19,2009,Debit,24.91,1.02,25.41,24.91
349,1036,2024-05-10,2024-05-13,2008,Credit,494.17,0.95,469.46,494.17
350,1053,2024-04-04,2024-04-06,2011,Debit,200.2,1.08,216.22,200.2
351,1090,2024-11-27,2024-11-28,2020,Debit,245.97,0.92,226.29,245.97
352,1041,2024-07-28,2024-07-30,2008,Debit,458.74,1.02,467.91,458.74
353,1054,2024-02-07,2024-02-09,2017,Credit,258.29,1.06,273.79,258.29
354,1077,2024-10-06,2024-10-10,2003,Credit,70.26,1.05,73.77,70.26
355,1097,2024-05-02,2024-05-05,2003,Debit,483.13,0.96,463.8,483.13
356,1042,2024-01-16,2024-01-18,2008,Debit,363.92,1.09,396.67,363.92
357,1050,2024-01-31,2024-02-01,2008,Debit,87.81,0.9,79.03,87.81
358,1021,2024-12-25,2024-12-26,2001,Credit,475.03,1.01,479.78,475.03
359,1076,2024-01-30,2024-02-02,2017,Debit,23.55,1.07,25.2,23.55
360,1097,2024-03-19,2024-03-22,2019,Debit,73.9,1.03,76.12,73.9
361,1016,2024-11-11,2024-11-13,2006,Debit,233.8,1.04,243.15,233.8
362,1053,2024-03-08,2024-03-11,2006,Credit,309.16,1.09,336.98,309.16
363,1059,2024-10-02,2024-10-06,2017,Debit,20.1,0.9,18.09,20.1
364,1039,2024-07-24,2024-07-27,2020,Credit,379.14,1.04,394.31,379.14
365,1090,2024-07-10,2024-07-11,2003,Credit,112.55,1.06,119.3,112.55
366,1084,2024-06-08,2024-06-11,2019,Debit,67.12,0.9,60.41,67.12
367,1093,2024-05-04,2024-05-05,2011,Credit,114.91,0.96,110.31,114.91
368,1085,2024-05-16,2024-05-19,2005,Debit,473.63,0.96,454.68,473.63
369,1029,2024-11-24,2024-11-26,2004,Credit,191.76,1.1,210.94,191.76
370,1050,2024-04-19,2024-04-23,2013,Debit,355.73,1.0,355.73,355.73
371,1080,2024-07-18,2024-07-20,2013,Credit,184.66,0.99,182.81,184.66
372,1096,2024-08-12,2024-08-15,2015,Credit,324.77,1.06,344.26,324.77
373,1016,2024-04-14,2024-04-15,2006,Credit,202.88,1.0,202.88,202.88
374,1094,2024-02-26,2024-02-29,2020,Debit,146.15,0.91,133.0,146.15
375,1079,2024-10-18,2024-10-21,2018,Credit,403.65,1.1,444.02,403.65
376,1041,2024-12-30,2025-01-02,2017,Credit,397.62,0.93,369.79,397.62
377,1080,2024-11-25,2024-11-26,2014,Debit,23.06,0.99,22.83,23.06
378,1079,2024-02-27,2024-02-29,2017,Credit,240.15,1.01,242.55,240.15
379,1086,2024-12-26,2024-12-28,2012,Credit,196.43,1.08,212.14,196.43
380,1030,2024-07-07,2024-07-11,2009,Debit,147.47,0.96,141.57,147.47
381,1031,2024-12-09,2024-12-12,2016,Debit,462.6,0.91,420.97,462.6
382,1078,2024-08-07,2024-08-09,2001,Debit,476.4,1.0,476.4,476.4
383,1032,2024-11-14,2024-11-17,2008,Credit,281.72,1.06,298.62,281.72
384,1097,2024-07-24,2024-07-27,2020,Debit,51.94,1.06,55.06,51.94
385,1085,2024-02-22,2024-02-25,2005,Debit,488.49,1.06,517.8,488.49
386,1030,2024-06-20,2024-06-24,2017,Debit,294.96,1.08,318.56,294.96
387,1027,2024-04-04,2024-04-07,2015,Debit,206.21,0.9,185.59,206.21
388,1011,2024-10-02,2024-10-06,2008,Credit,407.91,0.92,375.28,407.91
389,1004,2024-06-16,2024-06-18,2018,Credit,224.23,1.08,242.17,224.23
390,1024,2024-06-16,2024-06-19,2015,Debit,86.39,0.92,79.48,86.39
391,1058,2024-06-05,2024-06-08,2019,Credit,162.8,0.95,154.66,162.8
392,1063,2024-11-07,2024-11-11,2002,Credit,185.53,1.08,200.37,185.53
393,1040,2024-03-09,2024-03-13,2015,Debit,198.32,1.04,206.25,198.32
394,1087,2024-02-06,2024-02-07,2008,Debit,242.12,1.1,266.33,242.12
395,1023,2024-05-26,2024-05-27,2008,Credit,120.9,1.01,122.11,120.9
396,1008,2024-02-04,2024-02-05,2012,Credit,394.04,1.04,409.8,394.04
397,1003,2024-01-12,2024-01-16,2007,Debit,181.09,1.04,188.33,181.09
398,1036,2024-01-30,2024-02-02,2006,Debit,365.92,1.0,365.92,365.92
399,1087,2024-07-12,2024-07-13,2015,Debit,355.99,0.99,352.43,355.99
400,1091,2024-03-21,2024-03-24,2002,Debit,342.98,1.0,342.98,342.98
401,1064,2024-11-21,2024-11-25,2018,Debit,54.47,0.92,50.11,54.47
402,1034,2024-03-19,2024-03-21,2003,Debit,79.31,0.91,72.17,79.31
403,1076,2024-08-11,2024-08-14,2011,Credit,372.12,0.97,360.96,372.12
404,1029,2024-08-29,2024-08-31,2002,Debit,131.06,1.04,136.3,131.06
405,1045,2024-12-19,2024-12-20,2009,Debit,233.57,0.96,224.23,233.57
406,1067,2024-10-29,2024-11-01,2014,Debit,366.01,0.99,362.35,366.01
407,1071,2024-02-13,2024-02-16,2020,Credit,138.37,0.99,136.99,138.37
408,1094,2024-06-16,2024-06-18,2020,Debit,82.98,0.93,77.17,82.98
409,1018,2024-11-15,2024-11-17,2006,Debit,380.52,0.94,357.69,380.52
410,1034,2024-02-25,2024-02-28,2006,Debit,100.55,0.93,93.51,100.55
411,1089,2024-05-06,2024-05-07,2002,Credit,404.26,0.96,388.09,404.26
412,1089,2024-04-20,2024-04-21,2009,Credit,299.75,1.03,308.74,299.75
413,1062,2024-12-06,2024-12-10,2015,Debit,419.24,0.96,402.47,419.24
414,1091,2024-10-23,2024-10-26,2017,Credit,366.19,1.01,369.85,366.19
415,1046,2024-09-27,2024-09-28,2018,Debit,416.8,0.91,379.29,416.8
416,1099,2024-08-10,2024-08-11,2002,Credit,273.48,1.04,284.42,273.48
417,1042,2024-07-19,2024-07-22,2017,Debit,292.14,1.03,300.9,292.14
418,1058,2024-01-09,2024-01-10,2002,Debit,383.24,1.0,383.24,383.24
419,1080,2024-04-23,2024-04-25,2020,Credit,129.6,0.98,127.01,129.6
420,1033,2024-12-24,2024-12-28,2019,Credit,133.78,1.01,135.12,133.78
421,1006,2024-05-08,2024-05-12,2004,Credit,99.79,1.09,108.77,99.79
422,1067,2024-05-05,2024-05-06,2016,Credit,23.29,0.95,22.13,23.29
423,1063,2024-02-27,2024-02-29,2008,Credit,105.26,0.99,104.21,105.26
424,1055,2024-11-10,2024-11-14,2003,Credit,410.9,0.96,394.46,410.9
425,1040,2024-02-02,2024-02-04,2011,Credit,282.24,1.04,293.53,282.24
426,1073,2024-04-02,2024-04-06,2019,Credit,15.88,1.01,16.04,15.88
427,1019,2024-01-13,2024-01-15,2020,Credit,452.43,1.05,475.05,452.43
428,1011,2024-04-14,2024-04-16,2009,Credit,369.89,0.9,332.9,369.89
429,1001,2024-08-26,2024-08-30,2013,Credit,249.61,0.94,234.63,249.61
430,1074,2024-07-27,2024-07-28,2005,Debit,194.41,0.97,188.58,194.41
431,1043,2024-03-21,2024-03-23,2012,Debit,75.24,0.96,72.23,75.24
432,1062,2024-08-04,2024-08-06,2015,Debit,162.77,1.09,177.42,162.77
433,1044,2024-09-01,2024-09-05,2005,Debit,193.51,0.93,179.96,193.51
434,1018,2024-12-21,2024-12-24,2017,Debit,74.73,0.97,72.49,74.73
435,1091,2024-01-19,2024-01-22,2005,Credit,66.6,0.92,61.27,66.6
436,1022,2024-06-19,2024-06-21,2017,Debit,216.56,1.01,218.73,216.56
437,1056,2024-07-03,2024-07-05,2003,Credit,315.19,0.94,296.28,315.19
438,1091,2024-04-16,2024-04-18,2003,Debit,111.28,0.99,110.17,111.28
439,1034,2024-11-10,2024-11-13,2009,Credit,396.8,1.1,436.48,396.8
440,1060,2024-09-17,2024-09-19,2018,Debit,83.63,0.95,79.45,83.63
441,1094,2024-12-05,2024-12-08,2017,Debit,366.58,1.07,392.24,366.58
442,1035,2024-03-18,2024-03-22,2001,Credit,83.65,0.9,75.29,83.65
443,1042,2024-12-13,2024-12-14,2003,Debit,126.44,1.08,136.56,126.44
444,1005,2024-03-03,2024-03-04,2016,Debit,381.14,1.09,415.44,381.14
445,1012,2024-09-02,2024-09-03,2015,Credit,386.02,1.03,397.6,386.02
446,1094,2024-09-07,2024-09-09,2017,Debit,397.43,0.96,381.53,397.43
447,1035,2024-05-10,2024-05-14,2016,Credit,256.29,0.92,235.79,256.29
448,1079,2024-02-19,2024-02-23,2004,Debit,323.84,0.97,314.12,323.84
449,1069,2024-01-13,2024-01-14,2014,Debit,240.08,0.95,228.08,240.08
450,1009,2024-10-25,2024-10-26,2014,Credit,144.49,1.0,144.49,144.49
451,1057,2024-04-26,2024-04-30,2011,Debit,339.55,1.03,349.74,339.55
452,1015,2024-03-21,2024-03-23,2020,Debit,62.37,0.97,60.5,62.37
453,1026,2024-02-02,2024-02-04,2005,Credit,197.23,1.04,205.12,197.23
454,1041,2024-04-21,2024-04-25,2005,Credit,123.16,0.91,112.08,123.16
455,1013,2024-06-19,2024-06-21,2012,Credit,431.54,1.1,474.69,431.54
456,1091,2024-11-27,2024-11-30,2011,Debit,228.97,1.0,228.97,228.97
457,1081,2024-09-02,2024-09-04,2012,Debit,358.68,1.08,387.37,358.68
458,1096,2024-09-05,2024-09-07,2007,Debit,25.3,1.05,26.56,25.3
459,1018,2024-09-18,2024-09-21,2020,Credit,82.02,0.92,75.46,82.02
460,1024,2024-12-02,2024-12-06,2003,Debit,352.2,0.97,341.63,352.2
461,1056,2024-11-15,2024-11-16,2011,Credit,166.16,0.93,154.53,166.16
462,1004,2024-05-05,2024-05-08,2001,Credit,76.45,0.92,70.33,76.45
463,1053,2024-03-17,2024-03-20,2020,Credit,32.39,0.94,30.45,32.39
464,1099,2024-08-31,2024-09-03,2019,Credit,353.54,0.99,350.0,353.54
465,1063,2024-10-15,2024-10-18,2003,Debit,102.54,1.01,103.57,102.54
466,1007,2024-08-31,2024-09-03,2016,Debit,476.48,1.05,500.3,476.48
467,1064,2024-01-08,2024-01-10,2016,Credit,421.2,0.9,379.08,421.2
468,1079,2024-05-17,2024-05-20,2018,Debit,375.85,0.96,360.82,375.85
469,1004,2024-06-08,2024-06-10,2003,Credit,351.27,1.08,379.37,351.27
470,1033,2024-02-29,2024-03-03,2011,Credit,384.57,1.06,407.64,384.57
471,1031,2024-03-09,2024-03-13,2005,Debit,360.19,0.91,327.77,360.19
472,1016,2024-07-19,2024-07-22,2015,Credit,319.55,1.06,338.72,319.55
473,1009,2024-08-31,2024-09-02,2014,Debit,76.7,0.94,72.1,76.7
474,1061,2024-01-20,2024-01-23,2013,Debit,87.71,0.94,82.45,87.71
475,1069,2024-10-05,2024-10-07,2016,Debit,466.76,0.92,429.42,466.76
476,1040,2024-12-07,2024-12-08,2017,Debit,281.81,0.96,270.54,281.81
477,1061,2024-11-08,2024-11-12,2011,Debit,384.4,1.01,388.24,384.4
478,1011,2024-01-07,2024-01-10,2010,Credit,431.7,1.01,436.02,431.7
479,1040,2024-01-23,2024-01-27,2018,Debit,300.91,1.06,318.96,300.91
480,1088,2024-08-13,2024-08-16,2004,Credit,337.57,1.05,354.45,337.57
481,1017,2024-04-11,2024-04-13,2006,Debit,310.84,0.98,304.62,310.84
482,1034,2024-12-15,2024-12-18,2007,Debit,331.4,1.03,341.34,331.4
483,1040,2024-12-28,2024-12-30,2003,Credit,290.1,1.04,301.7,290.1
484,1036,2024-05-20,2024-05-21,2018,Credit,153.49,0.94,144.28,153.49
485,1028,2024-09-20,2024-09-22,2015,Debit,382.09,0.92,351.52,382.09
486,1025,2024-07-06,2024-07-10,2002,Debit,154.08,1.08,166.41,154.08
487,1064,2024-08-12,2024-08-16,2012,Credit,371.45,1.09,404.88,371.45
488,1005,2024-12-12,2024-12-15,2001,Debit,407.61,0.91,370.93,407.61
489,1019,2024-01-20,2024-01-22,2008,Credit,146.5,1.08,158.22,146.5
490,1087,2024-10-02,2024-10-03,2004,Credit,56.74,1.01,57.31,56.74
491,1040,2024-12-08,2024-12-10,2003,Credit,25.93,0.91,23.6,25.93
492,1022,2024-03-05,2024-03-09,2008,Debit,428.36,0.97,415.51,428.36
493,1071,2024-02-11,2024-02-12,2006,Credit,197.49,0.96,189.59,197.49
494,1031,2024-04-12,2024-04-15,2014,Debit,414.13,1.07,443.12,414.13
495,1072,2024-11-15,2024-11-19,2017,Debit,246.68,1.08,266.41,246.68
496,1093,2024-10-12,2024-10-16,2008,Credit,385.75,1.04,401.18,385.75
497,1051,2024-12-09,2024-12-12,2019,Credit,279.15,0.92,256.82,279.15
498,1043,2024-10-14,2024-10-18,2013,Credit,37.6,1.02,38.35,37.6
499,1055,2024-09-23,2024-09-25,2001,Debit,449.69,0.91,409.22,449.69
500,1009,2024-12-10,2024-12-12,2011,Debit,231.3,0.96,222.05,231.3
501,1041,2024-04-05,2024-04-08,2003,Credit,155.99,0.93,145.07,155.99
502,1093,2024-09-04,2024-09-08,2004,Debit,286.06,1.05,300.36,286.06
503,1085,2024-04-06,2024-04-09,2016,Debit,333.05,1.02,339.71,333.05
504,1035,2024-08-22,2024-08-24,2006,Debit,368.88,0.92,339.37,368.88
505,1040,2024-07-06,2024-07-07,2003,Debit,44.52,0.93,41.4,44.52
506,1089,2024-05-21,2024-05-24,2010,Debit,21.59,1.09,23.53,21.59
507,1067,2024-05-07,2024-05-08,2002,Credit,199.29,0.92,183.35,199.29
508,1009,2024-01-28,2024-02-01,2018,Credit,72.08,1.04,74.96,72.08
509,1002,2024-11-11,2024-11-13,2008,Credit,115.84,1.0,115.84,115.84
510,1029,2024-01-24,2024-01-25,2019,Debit,300.37,0.92,276.34,300.37
511,1030,2024-03-20,2024-03-23,2005,Credit,424.87,0.98,416.37,424.87
512,1100,2024-12-26,2024-12-29,2011,Credit,21.12,0.93,19.64,21.12
513,1050,2024-11-21,2024-11-22,2012,Debit,350.47,1.01,353.97,350.47
514,1083,2024-04-02,2024-04-06,2012,Debit,142.13,1.02,144.97,142.13
515,1087,2024-03-22,2024-03-23,2014,Debit,215.37,1.09,234.75,215.37
516,1030,2024-06-30,2024-07-01,2006,Credit,289.67,1.04,301.26,289.67
517,1098,2024-03-22,2024-03-24,2011,Debit,137.33,0.95,130.46,137.33
518,1006,2024-06-14,2024-06-16,2005,Debit,239.15,0.99,236.76,239.15
519,1090,2024-04-21,2024-04-22,2007,Debit,64.37,1.07,68.88,64.37
520,1026,2024-12-02,2024-12-06,2019,Debit,174.38,0.97,169.15,174.38
521,1008,2024-01-06,2024-01-08,2013,Credit,492.99,0.91,448.62,492.99
522,1030,2024-02-04,2024-02-07,2004,Credit,470.95,0.99,466.24,470.95
523,1013,2024-03-19,2024-03-22,2016,Credit,381.89,1.01,385.71,381.89
524,1014,2024-06-09,2024-06-11,2004,Credit,262.99,1.01,265.62,262.99
525,1092,2024-10-22,2024-10-25,2002,Credit,24.45,1.07,26.16,24.45
526,1049,2024-07-10,2024-07-13,2005,Debit,58.41,1.03,60.16,58.41
527,1079,2024-03-14,2024-03-15,2002,Debit,143.09,1.0,143.09,143.09
528,1097,2024-02-07,2024-02-10,2010,Debit,74.31,0.98,72.82,74.31
529,1036,2024-01-05,2024-01-07,2002,Debit,244.97,1.0,244.97,244.97
530,1063,2024-09-11,2024-09-12,2008,Credit,42.22,0.96,40.53,42.22
531,1062,2024-04-15,2024-04-18,2001,Debit,257.76,0.91,234.56,257.76
532,1090,2024-11-07,2024-11-09,2016,Debit,167.49,0.91,152.42,167.49
533,1042,2024-11-29,2024-11-30,2017,Credit,196.84,1.01,198.81,196.84
534,1099,2024-04-21,2024-04-24,2007,Credit,126.46,0.92,116.34,126.46
535,1013,2024-12-04,2024-12-06,2019,Debit,31.55,1.05,33.13,31.55
536,1090,2024-09-23,2024-09-27,2007,Credit,124.3,1.05,130.52,124.3
537,1062,2024-08-29,2024-08-31,2002,Credit,96.44,1.08,104.16,96.44
538,1055,2024-05-06,2024-05-10,2005,Credit,29.35,0.92,27.0,29.35
539,1009,2024-07-05,2024-07-08,2003,Debit,282.46,0.98,276.81,282.46
540,1090,2024-01-14,2024-01-16,2010,Credit,102.94,0.94,96.76,102.94
541,1087,2024-06-28,2024-06-30,2020,Debit,263.75,0.95,250.56,263.75
542,1019,2024-12-29,2025-01-02,2014,Debit,240.57,0.97,233.35,240.57
543,1014,2024-11-30,2024-12-04,2016,Credit,130.76,0.91,118.99,130.76
544,1012,2024-01-14,2024-01-18,2019,Debit,340.91,0.94,320.46,340.91
545,1006,2024-09-10,2024-09-13,2014,Credit,360.37,1.01,363.97,360.37
546,1034,2024-09-23,2024-09-24,2019,Credit,487.6,0.96,468.1,487.6
547,1014,2024-06-21,2024-06-24,2020,Credit,450.5,0.96,432.48,450.5
548,1019,2024-04-13,2024-04-15,2008,Credit,459.89,0.98,450.69,459.89
549,1065,2024-12-08,2024-12-12,2010,Credit,168.81,0.97,163.75,168.81
550,1069,2024-12-16,2024-12-17,2003,Debit,85.5,1.1,94.05,85.5
551,1042,2024-08-12,2024-08-13,2018,Credit,350.43,0.94,329.4,350.43
552,1078,2024-02-20,2024-02-24,2016,Debit,406.4,0.96,390.14,406.4
553,1056,2024-08-10,2024-08-13,2017,Debit,370.03,0.91,336.73,370.03
554,1014,2024-11-25,2024-11-29,2007,Debit,487.73,0.96,468.22,487.73
555,1028,2024-12-25,2024-12-29,2005,Credit,23.9,1.01,24.14,23.9
556,1005,2024-08-05,2024-08-06,2005,Credit,349.17,0.95,331.71,349.17
557,1077,2024-12-15,2024-12-17,2018,Credit,262.23,1.03,270.1,262.23
558,1085,2024-04-06,2024-04-09,2020,Credit,67.58,1.08,72.99,67.58
559,1072,2024-03-26,2024-03-28,2007,Credit,134.6,0.97,130.56,134.6
560,1021,2024-01-25,2024-01-29,2009,Debit,389.46,0.94,366.09,389.46
561,1005,2024-05-31,2024-06-02,2006,Debit,84.87,0.96,81.48,84.87
562,1094,2024-02-24,2024-02-25,2015,Credit,467.59,0.99,462.91,467.59
563,1087,2024-07-24,2024-07-28,2003,Credit,371.08,0.92,341.39,371.08
564,1016,2024-01-31,2024-02-02,2003,Debit,478.62,0.93,445.12,478.62
565,1086,2024-06-03,2024-06-05,2009,Credit,412.0,0.95,391.4,412.0
566,1010,2024-08-07,2024-08-10,2018,Debit,274.03,1.03,282.25,274.03
567,1039,2024-12-08,2024-12-09,2013,Debit,444.33,1.01,448.77,444.33
568,1083,2024-10-14,2024-10-18,2015,Debit,255.89,1.08,276.36,255.89
569,1094,2024-11-29,2024-12-02,2014,Debit,355.68,1.06,377.02,355.68
570,1076,2024-08-25,2024-08-27,2010,Debit,140.61,1.09,153.26,140.61
571,1019,2024-03-14,2024-03-18,2017,Debit,476.55,0.98,467.02,476.55
572,1052,2024-06-10,2024-06-12,2019,Debit,59.33,1.03,61.11,59.33
573,1062,2024-07-20,2024-07-22,2017,Debit,314.83,0.97,305.39,314.83
574,1027,2024-02-25,2024-02-27,2005,Debit,161.17,1.01,162.78,161.17
575,1027,2024-02-04,2024-02-08,2005,Credit,428.48,1.03,441.33,428.48
576,1080,2024-06-13,2024-06-14,2017,Credit,283.74,0.96,272.39,283.74
577,1067,2024-08-06,2024-08-08,2005,Credit,324.46,0.9,292.01,324.46
578,1062,2024-01-16,2024-01-18,2019,Credit,319.68,1.09,348.45,319.68
579,1056,2024-08-06,2024-08-08,2001,Credit,241.82,1.03,249.07,241.82
580,1064,2024-12-28,2024-12-31,2014,Debit,71.63,1.05,75.21,71.63
581,1042,2024-05-06,2024-05-09,2003,Debit,215.26,0.93,200.19,215.26
582,1080,2024-12-07,2024-12-09,2002,Debit,87.91,0.93,81.76,87.91
583,1018,2024-01-30,2024-01-31,2013,Debit,93.13,1.04,96.86,93.13
584,1099,2024-03-15,2024-03-16,2018,Credit,268.44,1.0,268.44,268.44
585,1063,2024-02-13,2024-02-16,2001,Debit,37.97,1.09,41.39,37.97
586,1066,2024-04-10,2024-04-14,2020,Credit,122.64,1.09,133.68,122.64
587,1091,2024-02-19,2024-02-20,2007,Debit,216.41,0.95,205.59,216.41
588,1054,2024-05-05,2024-05-09,2020,Credit,415.6,1.09,453.0,415.6
589,1055,2024-12-03,2024-12-06,2016,Debit,97.03,1.1,106.73,97.03
590,1047,2024-02-11,2024-02-15,2004,Credit,11.27,0.91,10.26,11.27
591,1040,2024-01-15,2024-01-19,2005,Credit,262.26,1.01,264.88,262.26
592,1065,2024-05-28,2024-06-01,2019,Debit,296.06,0.98,290.14,296.06
593,1036,2024-07-15,2024-07-16,2013,Credit,349.22,0.96,335.25,349.22
594,1054,2024-09-04,2024-09-06,2004,Debit,112.52,1.03,115.9,112.52
595,1068,2024-10-22,2024-10-26,2013,Credit,296.31,0.99,293.35,296.31
596,1051,2024-05-08,2024-05-11,2008,Credit,54.66,1.0,54.66,54.66
597,1037,2024-03-20,2024-03-21,2015,Debit,483.72,1.01,488.56,483.72
598,1020,2024-03-31,2024-04-01,2012,Credit,329.42,1.06,349.19,329.42
599,1023,2024-11-29,2024-12-01,2007,Credit,388.29,0.97,376.64,388.29
600,1030,2024-06-22,2024-06-26,2014,Debit,153.76,0.95,146.07,153.76
601,1079,2024-08-02,2024-08-03,2002,Debit,290.93,0.95,276.38,290.93
602,1094,2024-06-23,2024-06-26,2004,Credit,266.25,1.04,276.9,266.25
603,1091,2024-06-07,2024-06-09,2004,Credit,34.85,1.0,34.85,34.85
604,1019,2024-10-16,2024-10-19,2015,Debit,29.16,1.04,30.33,29.16
605,1076,2024-12-29,2025-01-01,2013,Debit,346.57,1.03,356.97,346.57
606,1097,2024-07-03,2024-07-07,2007,Debit,343.0,0.97,332.71,343.0
607,1074,2024-06-03,2024-06-06,2015,Debit,75.78,0.98,74.26,75.78
608,1014,2024-02-20,2024-02-22,2009,Credit,402.19,1.09,438.39,402.19
609,1073,2024-07-25,2024-07-26,2007,Credit,204.52,0.96,196.34,204.52
610,1060,2024-01-16,2024-01-20,2007,Debit,347.03,1.02,353.97,347.03
611,1015,2024-01-06,2024-01-08,2007,Credit,39.01,1.01,39.4,39.01
612,1016,2024-05-31,2024-06-02,2013,Credit,44.54,1.08,48.1,44.54
613,1006,2024-09-12,2024-09-14,2015,Debit,218.49,0.98,214.12,218.49
614,1004,2024-02-18,2024-02-21,2017,Credit,62.25,1.02,63.5,62.25
615,1009,2024-07-09,2024-07-12,2001,Debit,245.79,0.92,226.13,245.79
616,1089,2024-09-06,2024-09-07,2015,Debit,223.57,1.09,243.69,223.57
617,1082,2024-10-29,2024-11-01,2011,Credit,370.05,1.02,377.45,370.05
618,1027,2024-03-12,2024-03-16,2003,Credit,248.26,0.93,230.88,248.26
619,1006,2024-07-02,2024-07-05,2002,Debit,415.26,0.99,411.11,415.26
620,1007,2024-04-28,2024-05-01,2001,Credit,299.18,0.92,275.25,299.18
621,1001,2024-06-27,2024-07-01,2006,Credit,408.43,0.9,367.59,408.43
622,1092,2024-09-08,2024-09-11,2017,Debit,69.3,1.04,72.07,69.3
623,1036,2024-09-07,2024-09-10,2013,Credit,274.48,0.92,252.52,274.48
624,1081,2024-03-20,2024-03-22,2001,Credit,127.78,0.91,116.28,127.78
625,1071,2024-10-11,2024-10-13,2016,Debit,467.56,1.0,467.56,467.56
626,1082,2024-11-06,2024-11-07,2005,Credit,41.95,0.96,40.27,41.95
627,1045,2024-06-09,2024-06-12,2012,Debit,403.93,0.96,387.77,403.93
628,1085,2024-12-08,2024-12-11,2017,Debit,257.76,1.04,268.07,257.76
629,1035,2024-09-10,2024-09-11,2012,Debit,387.75,1.07,414.89,387.75
630,1003,2024-09-10,2024-09-14,2018,Credit,45.46,1.07,48.64,45.46
631,1035,2024-01-02,2024-01-06,2017,Credit,361.52,0.96,347.06,361.52
632,1081,2024-10-15,2024-10-16,2007,Credit,292.52,0.94,274.97,292.52
633,1097,2024-02-18,2024-02-21,2009,Debit,185.7,1.07,198.7,185.7
634,1087,2024-08-24,2024-08-28,2004,Credit,294.89,1.07,315.53,294.89
635,1062,2024-10-14,2024-10-16,2009,Credit,456.45,0.99,451.89,456.45
636,1082,2024-11-26,2024-11-27,2002,Debit,15.67,1.07,16.77,15.67
637,1024,2024-07-14,2024-07-15,2011,Credit,125.29,0.93,116.52,125.29
638,1079,2024-09-14,2024-09-17,2010,Debit,73.16,1.09,79.74,73.16
639,1042,2024-06-19,2024-06-22,2017,Credit,105.89,0.98,103.77,105.89
640,1087,2024-02-26,2024-03-01,2001,Credit,436.86,1.07,467.44,436.86
641,1016,2024-09-18,2024-09-20,2008,Debit,452.43,0.97,438.86,452.43
642,1072,2024-11-03,2024-11-05,2009,Debit,351.24,1.04,365.29,351.24
643,1008,2024-01-17,2024-01-18,2006,Credit,145.63,0.9,131.07,145.63
644,1021,2024-07-07,2024-07-08,2014,Debit,36.78,1.01,37.15,36.78
645,1083,2024-02-17,2024-02-19,2001,Debit,54.17,0.99,53.63,54.17
646,1051,2024-08-25,2024-08-29,2015,Debit,294.56,1.0,294.56,294.56
647,1011,2024-05-03,2024-05-04,2002,Debit,173.55,0.91,157.93,173.55
648,1019,2024-08-18,2024-08-20,2001,Credit,47.75,1.06,50.62,47.75
649,1090,2024-04-22,2024-04-26,2004,Credit,273.14,1.05,286.8,273.14
650,1037,2024-05-04,2024-05-06,2014,Credit,257.19,0.93,239.19,257.19
651,1016,2024-10-11,2024-10-13,2001,Credit,333.12,1.08,359.77,333.12
652,1059,2024-12-11,2024-12-13,2005,Debit,250.03,0.98,245.03,250.03
653,1071,2024-06-05,2024-06-09,2016,Debit,188.2,1.06,199.49,188.2
654,1028,2024-04-04,2024-04-08,2011,Debit,151.38,1.07,161.98,151.38
655,1003,2024-10-11,2024-10-13,2016,Debit,316.32,0.92,291.01,316.32
656,1088,2024-03-29,2024-04-02,2013,Debit,422.73,0.91,384.68,422.73
657,1038,2024-12-08,2024-12-11,2001,Debit,247.81,0.91,225.51,247.81
658,1002,2024-05-25,2024-05-29,2018,Debit,293.92,0.98,288.04,293.92
659,1056,2024-01-25,2024-01-28,2007,Debit,229.69,1.01,231.99,229.69
660,1083,2024-01-09,2024-01-10,2002,Credit,328.75,1.0,328.75,328.75
661,1033,2024-11-08,2024-11-11,2008,Credit,126.46,1.04,131.52,126.46
662,1064,2024-08-30,2024-08-31,2003,Debit,276.76,1.03,285.06,276.76
663,1058,2024-06-24,2024-06-28,2008,Credit,72.27,1.05,75.88,72.27
664,1035,2024-11-03,2024-11-07,2004,Debit,296.83,1.05,311.67,296.83
665,1074,2024-09-28,2024-09-30,2006,Credit,353.39,1.07,378.13,353.39
666,1037,2024-09-16,2024-09-17,2015,Credit,86.24,1.02,87.96,86.24
667,1070,2024-06-06,2024-06-09,2009,Credit,80.89,1.01,81.7,80.89
668,1028,2024-02-10,2024-02-14,2007,Debit,199.23,1.05,209.19,199.23
669,1094,2024-02-25,2024-02-28,2013,Debit,434.44,0.94,408.37,434.44
670,1059,2024-06-02,2024-06-04,2008,Credit,59.69,1.03,61.48,59.69
671,1090,2024-02-16,2024-02-19,2007,Credit,168.89,1.09,184.09,168.89
672,1075,2024-11-03,2024-11-07,2012,Credit,55.51,0.95,52.73,55.51
673,1067,2024-07-01,2024-07-03,2010,Debit,359.79,0.93,334.6,359.79
674,1028,2024-04-07,2024-04-10,2002,Debit,170.71,1.07,182.66,170.71
675,1059,2024-12-01,2024-12-02,2012,Debit,141.09,1.1,155.2,141.09
676,1099,2024-02-12,2024-02-13,2020,Credit,36.03,1.1,39.63,36.03
677,1070,2024-01-07,2024-01-09,2006,Credit,494.12,1.04,513.88,494.12
678,1061,2024-01-25,2024-01-27,2019,Debit,102.85,0.98,100.79,102.85
679,1018,2024-08-25,2024-08-26,2003,Debit,177.03,1.0,177.03,177.03
680,1077,2024-01-22,2024-01-23,2011,Debit,113.33,0.99,112.2,113.33
681,1052,2024-04-04,2024-04-06,2002,Credit,230.52,1.06,244.35,230.52
682,1084,2024-11-29,2024-12-01,2001,Credit,208.19,1.07,222.76,208.19
683,1031,2024-08-02,2024-08-04,2006,Debit,321.11,0.91,292.21,321.11
684,1022,2024-06-28,2024-07-01,2013,Debit,282.06,0.99,279.24,282.06
685,1015,2024-09-23,2024-09-27,2020,Debit,302.05,1.01,305.07,302.05
686,1075,2024-08-10,2024-08-11,2013,Debit,121.97,0.94,114.65,121.97
687,1056,2024-04-22,2024-04-26,2015,Debit,296.08,1.01,299.04,296.08
688,1024,2024-04-18,2024-04-21,2011,Credit,72.86,1.1,80.15,72.86
689,1089,2024-10-14,2024-10-16,2005,Credit,89.7,1.03,92.39,89.7
690,1088,2024-03-09,2024-03-12,2008,Debit,343.45,1.04,357.19,343.45
691,1086,2024-09-30,2024-10-04,2018,Credit,449.96,1.01,454.46,449.96
692,1020,2024-09-30,2024-10-02,2013,Credit,266.56,1.09,290.55,266.56
693,1099,2024-07-07,2024-07-10,2013,Credit,255.59,1.01,258.15,255.59
694,1070,2024-12-04,2024-12-08,2016,Credit,153.3,1.03,157.9,153.3
695,1048,2024-04-28,2024-04-29,2004,Debit,264.98,1.1,291.48,264.98
696,1003,2024-11-21,2024-11-25,2007,Credit,163.53,0.91,148.81,163.53
697,1067,2024-07-25,2024-07-27,2007,Credit,424.66,0.99,420.41,424.66
698,1089,2024-07-17,2024-07-18,2004,Debit,55.5,1.06,58.83,55.5
699,1055,2024-03-20,2024-03-24,2004,Credit,367.36,0.91,334.3,367.36
700,1007,2024-07-05,2024-07-08,2010,Debit,396.41,1.01,400.37,396.41
701,1027,2024-05-15,2024-05-19,2002,Debit,346.01,0.93,321.79,346.01
702,1044,2024-02-23,2024-02-25,2005,Debit,411.62,1.07,440.43,411.62
703,1029,2024-04-08,2024-04-10,2002,Debit,357.88,1.05,375.77,357.88
704,1052,2024-12-24,2024-12-28,2003,Credit,341.33,0.94,320.85,341.33
705,1095,2024-12-22,2024-12-24,2008,Debit,185.33,1.0,185.33,185.33
706,1002,2024-05-14,2024-05-15,2001,Credit,155.35,0.91,141.37,155.35
707,1039,2024-09-26,2024-09-28,2013,Debit,235.08,0.99,232.73,235.08
708,1003,2024-04-03,2024-04-06,2006,Debit,228.32,0.95,216.9,228.32
709,1057,2024-10-20,2024-10-24,2008,Credit,434.22,0.96,416.85,434.22
710,1065,2024-10-17,2024-10-19,2015,Debit,338.24,1.05,355.15,338.24
711,1100,2024-08-03,2024-08-07,2004,Credit,89.27,1.05,93.73,89.27
712,1042,2024-11-22,2024-11-26,2017,Debit,223.31,0.93,207.68,223.31
713,1059,2024-08-14,2024-08-16,2006,Credit,273.76,0.92,251.86,273.76
714,1066,2024-04-13,2024-04-17,2015,Credit,442.12,1.0,442.12,442.12
715,1054,2024-10-05,2024-10-09,2003,Credit,464.22,0.99,459.58,464.22
716,1098,2024-11-01,2024-11-03,2019,Debit,57.0,1.05,59.85,57.0
717,1004,2024-12-09,2024-12-10,2003,Credit,223.94,1.04,232.9,223.94
718,1095,2024-05-20,2024-05-24,2013,Credit,59.84,1.03,61.64,59.84
719,1017,2024-03-12,2024-03-16,2019,Credit,155.33,0.99,153.78,155.33
720,1038,2024-12-12,2024-12-13,2015,Credit,18.72,1.05,19.66,18.72
721,1023,2024-03-23,2024-03-26,2005,Credit,438.92,1.03,452.09,438.92
722,1016,2024-08-26,2024-08-28,2001,Debit,322.91,1.05,339.06,322.91
723,1080,2024-01-11,2024-01-12,2006,Debit,285.81,1.06,302.96,285.81
724,1001,2024-05-25,2024-05-27,2005,Credit,292.99,1.09,319.36,292.99
725,1031,2024-02-17,2024-02-18,2009,Credit,298.66,1.04,310.61,298.66
726,1027,2024-06-13,2024-06-15,2017,Debit,248.04,0.91,225.72,248.04
727,1021,2024-06-15,2024-06-18,2004,Debit,311.31,0.97,301.97,311.31
728,1093,2024-01-04,2024-01-07,2010,Credit,488.85,0.94,459.52,488.85
729,1026,2024-03-25,2024-03-26,2016,Debit,211.13,1.01,213.24,211.13
730,1032,2024-04-08,2024-04-10,2002,Credit,198.13,0.99,196.15,198.13
731,1087,2024-11-18,2024-11-19,2015,Credit,225.26,0.94,211.74,225.26
732,1058,2024-10-22,2024-10-25,2009,Credit,29.54,1.04,30.72,29.54
733,1045,2024-02-16,2024-02-17,2017,Debit,265.06,1.07,283.61,265.06
734,1065,2024-05-05,2024-05-07,2005,Credit,310.7,0.99,307.59,310.7
735,1076,2024-05-13,2024-05-16,2003,Debit,131.9,0.95,125.3,131.9
736,1059,2024-02-26,2024-02-28,2005,Debit,334.78,0.92,308.0,334.78
737,1070,2024-04-29,2024-05-02,2018,Debit,160.91,0.9,144.82,160.91
738,1067,2024-12-19,2024-12-20,2011,Debit,299.7,1.08,323.68,299.7
739,1018,2024-09-01,2024-09-03,2009,Debit,434.48,1.09,473.58,434.48
740,1027,2024-10-31,2024-11-03,2003,Debit,188.15,1.04,195.68,188.15
741,1049,2024-10-12,2024-10-13,2014,Credit,233.97,0.97,226.95,233.97
742,1061,2024-08-16,2024-08-17,2015,Debit,402.06,1.07,430.2,402.06
743,1063,2024-11-16,2024-11-17,2019,Debit,435.16,0.91,396.0,435.16
744,1018,2024-01-24,2024-01-26,2016,Credit,302.31,1.09,329.52,302.31
745,1039,2024-12-09,2024-12-11,2013,Debit,332.65,0.92,306.04,332.65
746,1007,2024-02-11,2024-02-14,2008,Credit,88.12,0.98,86.36,88.12
747,1079,2024-07-15,2024-07-16,2020,Debit,117.72,0.96,113.01,117.72
748,1088,2024-03-14,2024-03-17,2020,Credit,254.69,1.09,277.61,254.69
749,1063,2024-04-15,2024-04-16,2008,Credit,171.46,1.08,185.18,171.46
750,1004,2024-06-17,2024-06-19,2016,Debit,382.41,0.92,351.82,382.41
751,1002,2024-04-27,2024-04-29,2016,Debit,407.18,0.94,382.75,407.18
752,1057,2024-08-18,2024-08-22,2006,Credit,127.81,1.05,134.2,127.81
753,1063,2024-12-22,2024-12-26,2016,Debit,345.0,0.99,341.55,345.0
754,1086,2024-05-17,2024-05-18,2001,Credit,149.62,0.95,142.14,149.62
755,1059,2024-11-25,2024-11-28,2016,Credit,280.28,0.99,277.48,280.28
756,1084,2024-05-25,2024-05-26,2017,Debit,193.7,1.04,201.45,193.7
757,1020,2024-04-18,2024-04-19,2016,Debit,450.05,0.98,441.05,450.05
758,1030,2024-06-13,2024-06-16,2014,Debit,312.4,1.04,324.9,312.4
759,1065,2024-03-17,2024-03-20,2009,Debit,359.38,0.96,345.0,359.38
760,1084,2024-08-29,2024-09-02,2004,Debit,427.75,0.91,389.25,427.75
761,1066,2024-05-12,2024-05-13,2013,Credit,353.2,1.09,384.99,353.2
762,1057,2024-05-16,2024-05-18,2014,Credit,269.3,1.06,285.46,269.3
763,1072,2024-01-20,2024-01-23,2020,Credit,208.96,0.99,206.87,208.96
764,1028,2024-11-14,2024-11-17,2011,Credit,111.17,1.04,115.62,111.17
765,1062,2024-04-18,2024-04-20,2018,Debit,109.65,1.05,115.13,109.65
766,1076,2024-01-25,2024-01-26,2019,Debit,495.9,0.94,466.15,495.9
767,1023,2024-11-04,2024-11-07,2009,Credit,468.07,1.07,500.83,468.07
768,1090,2024-02-04,2024-02-08,2013,Debit,396.28,0.98,388.35,396.28
769,1059,2024-06-05,2024-06-07,2008,Credit,342.83,1.04,356.54,342.83
770,1020,2024-10-26,2024-10-28,2010,Debit,481.0,0.95,456.95,481.0
771,1022,2024-12-24,2024-12-27,2001,Debit,316.29,0.95,300.48,316.29
772,1061,2024-04-09,2024-04-11,2017,Credit,210.86,0.97,204.53,210.86
773,1059,2024-10-11,2024-10-14,2019,Debit,225.65,1.05,236.93,225.65
774,1095,2024-09-19,2024-09-21,2006,Credit,96.03,0.93,89.31,96.03
775,1067,2024-11-16,2024-11-19,2007,Debit,493.26,1.09,537.65,493.26
776,1049,2024-07-21,2024-07-24,2002,Debit,12.66,0.91,11.52,12.66
777,1022,2024-05-15,2024-05-18,2003,Credit,96.13,0.94,90.36,96.13
778,1005,2024-07-28,2024-07-29,2008,Credit,146.26,1.06,155.04,146.26
779,1008,2024-09-13,2024-09-15,2006,Credit,240.43,0.99,238.03,240.43
780,1088,2024-08-19,2024-08-21,2002,Credit,389.07,1.01,392.96,389.07
781,1051,2024-12-15,2024-12-18,2014,Credit,198.61,0.98,194.64,198.61
782,1061,2024-03-21,2024-03-24,2011,Credit,29.01,1.08,31.33,29.01
783,1005,2024-03-24,2024-03-26,2012,Debit,33.97,0.94,31.93,33.97
784,1039,2024-07-31,2024-08-03,2017,Credit,380.16,1.06,402.97,380.16
785,1092,2024-04-29,2024-05-01,2002,Debit,195.9,0.97,190.02,195.9
786,1037,2024-01-31,2024-02-01,2011,Credit,35.87,0.98,35.15,35.87
787,1067,2024-03-05,2024-03-08,2020,Debit,416.3,1.02,424.63,416.3
788,1050,2024-08-22,2024-08-26,2004,Debit,176.92,0.95,168.07,176.92
789,1070,2024-10-16,2024-10-20,2016,Debit,488.54,1.04,508.08,488.54
790,1046,2024-10-06,2024-10-07,2020,Credit,256.42,1.08,276.93,256.42
791,1041,2024-03-23,2024-03-24,2009,Debit,298.06,1.01,301.04,298.06
792,1001,2024-03-01,2024-03-02,2019,Debit,391.93,0.98,384.09,391.93
793,1029,2024-12-26,2024-12-30,2014,Credit,42.47,0.98,41.62,42.47
794,1096,2024-02-19,2024-02-23,2001,Debit,411.29,1.1,452.42,411.29
795,1098,2024-01-25,2024-01-29,2018,Debit,215.96,0.96,207.32,215.96
796,1096,2024-03-12,2024-03-14,2005,Debit,447.26,1.09,487.51,447.26
797,1020,2024-03-20,2024-03-23,2014,Credit,490.79,0.92,451.53,490.79
798,1087,2024-01-20,2024-01-21,2019,Credit,435.29,1.01,439.64,435.29
799,1004,2024-12-29,2025-01-01,2002,Credit,296.61,1.05,311.44,296.61
800,1055,2024-09-03,2024-09-05,2010,Debit,340.6,0.96,326.98,340.6
801,1090,2024-01-28,2024-01-31,2005,Debit,87.88,0.95,83.49,87.88
802,1026,2024-06-21,2024-06-24,2008,Debit,49.31,0.91,44.87,49.31
803,1020,2024-01-14,2024-01-16,2006,Credit,420.04,1.03,432.64,420.04
804,1099,2024-02-29,2024-03-04,2006,Credit,124.11,1.0,124.11,124.11
805,1043,2024-02-09,2024-02-10,2016,Credit,165.17,0.95,156.91,165.17
806,1053,2024-12-25,2024-12-26,2010,Credit,377.8,0.96,362.69,377.8
807,1002,2024-05-26,2024-05-28,2019,Debit,55.41,0.92,50.98,55.41
808,1022,2024-01-08,2024-01-10,2006,Debit,315.99,0.95,300.19,315.99
809,1071,2024-05-22,2024-05-26,2002,Credit,13.1,1.04,13.62,13.1
810,1026,2024-05-05,2024-05-08,2018,Debit,351.79,1.04,365.86,351.79
811,1079,2024-09-28,2024-09-30,2001,Credit,278.46,1.02,284.03,278.46
812,1086,2024-06-08,2024-06-11,2020,Credit,11.52,0.97,11.17,11.52
813,1053,2024-12-13,2024-12-15,2014,Credit,25.44,1.05,26.71,25.44
814,1066,2024-06-27,2024-06-30,2014,Credit,434.74,1.08,469.52,434.74
815,1041,2024-08-19,2024-08-23,2003,Credit,20.54,0.99,20.33,20.54
816,1018,2024-10-08,2024-10-11,2010,Debit,132.01,1.01,133.33,132.01
817,1055,2024-07-03,2024-07-05,2019,Credit,349.06,0.92,321.14,349.06
818,1092,2024-09-15,2024-09-19,2014,Credit,365.53,1.06,387.46,365.53
819,1086,2024-04-03,2024-04-06,2002,Credit,187.18,1.02,190.92,187.18
820,1090,2024-02-09,2024-02-12,2008,Debit,458.13,1.06,485.62,458.13
821,1051,2024-05-26,2024-05-28,2017,Credit,436.44,1.0,436.44,436.44
822,1011,2024-03-11,2024-03-12,2014,Credit,81.0,1.05,85.05,81.0
823,1090,2024-07-11,2024-07-12,2017,Credit,432.05,0.92,397.49,432.05
824,1014,2024-08-11,2024-08-15,2018,Debit,52.96,1.0,52.96,52.96
825,1086,2024-02-20,2024-02-24,2018,Credit,417.77,1.0,417.77,417.77
826,1070,2024-05-24,2024-05-26,2018,Debit,148.5,0.97,144.04,148.5
827,1058,2024-04-02,2024-04-03,2014,Debit,469.81,0.92,432.23,469.81
828,1053,2024-11-30,2024-12-03,2011,Credit,335.47,1.06,355.6,335.47
829,1009,2024-01-11,2024-01-12,2010,Debit,479.73,1.05,503.72,479.73
830,1099,2024-07-07,2024-07-10,2014,Credit,170.7,1.01,172.41,170.7
831,1100,2024-09-02,2024-09-04,2011,Credit,411.23,1.05,431.79,411.23
832,1068,2024-03-25,2024-03-27,2019,Credit,143.43,1.07,153.47,143.43
833,1049,2024-07-13,2024-07-14,2018,Credit,247.06,1.03,254.47,247.06
834,1093,2024-09-30,2024-10-02,2003,Credit,276.5,1.04,287.56,276.5
835,1066,2024-03-16,2024-03-20,2008,Debit,68.39,0.98,67.02,68.39
836,1080,2024-08-19,2024-08-21,2017,Credit,388.39,1.0,388.39,388.39
837,1001,2024-11-06,2024-11-08,2003,Credit,109.87,1.04,114.26,109.87
838,1088,2024-05-15,2024-05-17,2015,Debit,139.74,0.95,132.75,139.74
839,1029,2024-12-28,2024-12-31,2020,Credit,441.64,1.0,441.64,441.64
840,1060,2024-10-02,2024-10-06,2013,Credit,317.32,0.98,310.97,317.32
841,1073,2024-09-09,2024-09-10,2013,Credit,480.37,0.99,475.57,480.37
842,1015,2024-07-09,2024-07-11,2013,Debit,480.41,1.0,480.41,480.41
843,1094,2024-05-11,2024-05-12,2005,Credit,398.94,0.98,390.96,398.94
844,1057,2024-02-02,2024-02-05,2016,Debit,181.09,1.0,181.09,181.09
845,1010,2024-12-02,2024-12-05,2005,Credit,380.82,0.96,365.59,380.82
846,1053,2024-02-10,2024-02-13,2013,Credit,224.94,0.98,220.44,224.94
847,1071,2024-11-01,2024-11-05,2019,Debit,266.72,0.92,245.38,266.72
848,1028,2024-09-01,2024-09-02,2014,Credit,425.34,1.0,425.34,425.34
849,1058,2024-10-17,2024-10-20,2016,Credit,425.65,0.93,395.85,425.65
850,1059,2024-02-18,2024-02-21,2015,Debit,406.04,0.98,397.92,406.04
851,1013,2024-10-21,2024-10-25,2001,Debit,258.86,0.93,240.74,258.86
852,1013,2024-04-10,2024-04-12,2006,Credit,14.55,1.0,14.55,14.55
853,1007,2024-07-18,2024-07-19,2005,Credit,414.1,1.07,443.09,414.1
854,1083,2024-09-20,2024-09-23,2011,Debit,238.93,0.92,219.82,238.93
855,1027,2024-03-23,2024-03-26,2010,Credit,196.02,0.92,180.34,196.02
856,1006,2024-04-22,2024-04-24,2010,Credit,177.92,0.97,172.58,177.92
857,1007,2024-09-27,2024-09-28,2013,Credit,190.08,1.09,207.19,190.08
858,1057,2024-09-28,2024-10-01,2004,Debit,12.36,0.91,11.25,12.36
859,1041,2024-11-05,2024-11-07,2013,Credit,51.33,1.03,52.87,51.33
860,1019,2024-10-05,2024-10-08,2010,Debit,98.09,0.91,89.26,98.09
861,1042,2024-03-05,2024-03-07,2014,Debit,206.74,1.06,219.14,206.74
862,1087,2024-04-17,2024-04-21,2019,Debit,127.7,0.95,121.32,127.7
863,1078,2024-03-14,2024-03-16,2010,Debit,56.5,1.01,57.06,56.5
864,1087,2024-01-17,2024-01-20,2012,Credit,342.06,1.02,348.9,342.06
865,1001,2024-08-03,2024-08-04,2009,Debit,21.19,1.04,22.04,21.19
866,1010,2024-12-07,2024-12-11,2019,Credit,399.3,1.01,403.29,399.3
867,1035,2024-01-02,2024-01-06,2005,Credit,179.98,0.94,169.18,179.98
868,1093,2024-01-25,2024-01-28,2014,Credit,167.52,0.98,164.17,167.52
869,1047,2024-06-18,2024-06-19,2018,Debit,148.24,1.0,148.24,148.24
870,1080,2024-07-24,2024-07-26,2010,Credit,215.59,1.06,228.53,215.59
871,1029,2024-08-29,2024-09-01,2018,Debit,240.49,1.0,240.49,240.49
872,1099,2024-07-29,2024-07-31,2014,Debit,432.53,1.04,449.83,432.53
873,1091,2024-12-27,2024-12-31,2010,Debit,441.42,1.1,485.56,441.42
874,1028,2024-06-23,2024-06-27,2001,Debit,224.92,1.08,242.91,224.92
875,1009,2024-08-13,2024-08-16,2017,Debit,207.94,1.06,220.42,207.94
876,1033,2024-06-06,2024-06-09,2008,Credit,414.0,1.02,422.28,414.0
877,1057,2024-11-25,2024-11-27,2014,Debit,204.21,0.9,183.79,204.21
878,1019,2024-11-15,2024-11-17,2017,Credit,427.09,1.1,469.8,427.09
879,1044,2024-11-21,2024-11-23,2018,Debit,31.94,1.03,32.9,31.94
880,1024,2024-09-01,2024-09-02,2007,Credit,178.51,0.97,173.15,178.51
881,1084,2024-08-21,2024-08-22,2017,Debit,275.5,1.01,278.26,275.5
882,1025,2024-01-12,2024-01-13,2003,Debit,358.65,1.09,390.93,358.65
883,1098,2024-01-16,2024-01-20,2012,Credit,53.27,1.02,54.34,53.27
884,1085,2024-02-13,2024-02-14,2017,Credit,148.71,0.95,141.27,148.71
885,1048,2024-11-30,2024-12-01,2011,Debit,219.98,1.01,222.18,219.98
886,1050,2024-04-03,2024-04-04,2019,Credit,181.47,1.01,183.28,181.47
887,1019,2024-06-09,2024-06-12,2018,Debit,181.35,0.91,165.03,181.35
888,1065,2024-09-14,2024-09-18,2016,Credit,327.23,1.04,340.32,327.23
889,1098,2024-10-19,2024-10-21,2014,Credit,75.34,0.95,71.57,75.34
890,1082,2024-03-13,2024-03-16,2017,Debit,480.8,0.91,437.53,480.8
891,1065,2024-08-23,2024-08-27,2008,Debit,102.37,1.01,103.39,102.37
892,1032,2024-09-13,2024-09-14,2006,Credit,452.49,0.96,434.39,452.49
893,1005,2024-09-20,2024-09-22,2009,Debit,487.75,1.09,531.65,487.75
894,1052,2024-07-19,2024-07-20,2005,Debit,95.43,1.0,95.43,95.43
895,1095,2024-08-14,2024-08-15,2020,Debit,65.62,1.02,66.93,65.62
896,1049,2024-10-31,2024-11-04,2011,Credit,494.68,1.09,539.2,494.68
897,1091,2024-05-12,2024-05-15,2008,Debit,184.51,0.94,173.44,184.51
898,1067,2024-02-09,2024-02-12,2002,Credit,105.7,0.97,102.53,105.7
899,1090,2024-06-26,2024-06-28,2019,Credit,45.76,0.91,41.64,45.76
900,1047,2024-11-30,2024-12-04,2017,Credit,397.96,1.09,433.78,397.96
901,1099,2024-07-12,2024-07-15,2018,Debit,193.99,0.97,188.17,193.99
902,1040,2024-04-26,2024-04-30,2020,Debit,445.47,0.94,418.74,445.47
903,1029,2024-04-13,2024-04-17,2017,Credit,140.58,0.98,137.77,140.58
904,1083,2024-01-03,2024-01-06,2012,Debit,28.3,1.02,28.87,28.3
905,1005,2024-11-02,2024-11-06,2014,Credit,43.63,0.93,40.58,43.63
906,1016,2024-01-01,2024-01-03,2008,Debit,409.32,1.09,446.16,409.32
907,1033,2024-08-13,2024-08-16,2014,Debit,124.25,1.04,129.22,124.25
908,1002,2024-09-17,2024-09-20,2011,Credit,450.55,1.1,495.61,450.55
909,1084,2024-12-05,2024-12-08,2002,Debit,404.1,0.9,363.69,404.1
910,1043,2024-05-05,2024-05-07,2008,Debit,314.37,0.99,311.23,314.37
911,1029,2024-05-06,2024-05-07,2002,Debit,327.45,1.05,343.82,327.45
912,1100,2024-03-15,2024-03-16,2015,Debit,190.79,1.06,202.24,190.79
913,1047,2024-02-12,2024-02-13,2013,Credit,470.48,0.92,432.84,470.48
914,1090,2024-03-08,2024-03-12,2006,Credit,486.07,1.04,505.51,486.07
915,1048,2024-08-26,2024-08-27,2010,Credit,176.81,0.92,162.67,176.81
916,1009,2024-10-21,2024-10-24,2013,Credit,379.76,1.08,410.14,379.76
917,1051,2024-05-15,2024-05-19,2007,Debit,463.89,1.07,496.36,463.89
918,1021,2024-12-12,2024-12-16,2005,Credit,120.31,0.93,111.89,120.31
919,1096,2024-09-11,2024-09-13,2015,Debit,280.27,1.09,305.49,280.27
920,1089,2024-07-10,2024-07-13,2017,Debit,352.73,1.1,388.0,352.73
921,1068,2024-06-11,2024-06-14,2001,Credit,55.33,0.99,54.78,55.33
922,1007,2024-10-10,2024-10-11,2009,Debit,294.52,1.08,318.08,294.52
923,1012,2024-09-21,2024-09-23,2015,Credit,462.9,0.96,444.38,462.9
924,1067,2024-01-08,2024-01-09,2001,Credit,272.74,0.96,261.83,272.74
925,1093,2024-05-14,2024-05-17,2013,Credit,484.45,1.06,513.52,484.45
926,1066,2024-09-05,2024-09-08,2009,Debit,351.03,0.95,333.48,351.03
927,1059,2024-09-23,2024-09-24,2010,Debit,387.8,0.97,376.17,387.8
928,1015,2024-05-19,2024-05-20,2007,Credit,181.64,0.97,176.19,181.64
929,1089,2024-08-04,2024-08-07,2006,Debit,382.38,1.06,405.32,382.38
930,1035,2024-01-08,2024-01-10,2013,Credit,294.0,1.04,305.76,294.0
931,1069,2024-04-13,2024-04-17,2012,Debit,184.19,0.91,167.61,184.19
932,1047,2024-08-26,2024-08-30,2007,Credit,70.39,0.95,66.87,70.39
933,1008,2024-10-02,2024-10-05,2001,Credit,222.94,0.94,209.56,222.94
934,1092,2024-10-20,2024-10-24,2003,Credit,449.71,1.04,467.7,449.71
935,1022,2024-12-07,2024-12-09,2010,Debit,151.63,1.09,165.28,151.63
936,1100,2024-03-28,2024-03-29,2001,Debit,446.34,1.03,459.73,446.34
937,1089,2024-07-23,2024-07-24,2020,Credit,43.68,0.98,42.81,43.68
938,1013,2024-07-12,2024-07-15,2009,Credit,362.48,1.08,391.48,362.48
939,1048,2024-06-22,2024-06-26,2019,Credit,248.7,1.06,263.62,248.7
940,1091,2024-11-19,2024-11-22,2009,Debit,492.84,1.02,502.7,492.84
941,1036,2024-04-12,2024-04-14,2012,Credit,323.51,1.06,342.92,323.51
942,1053,2024-04-23,2024-04-26,2016,Debit,442.49,0.97,429.22,442.49
943,1020,2024-10-11,2024-10-15,2010,Debit,193.32,0.98,189.45,193.32
944,1057,2024-02-23,2024-02-27,2002,Credit,426.43,0.97,413.64,426.43
945,1100,2024-02-13,2024-02-17,2010,Credit,436.69,1.03,449.79,436.69
946,1028,2024-04-29,2024-05-01,2013,Credit,200.21,0.96,192.2,200.21
947,1067,2024-10-10,2024-10-13,2014,Credit,365.89,1.09,398.82,365.89
948,1081,2024-02-11,2024-02-13,2001,Debit,39.2,0.96,37.63,39.2
949,1089,2024-06-02,2024-06-03,2014,Debit,116.95,1.03,120.46,116.95
950,1026,2024-11-19,2024-11-21,2003,Debit,259.34,0.99,256.75,259.34
951,1083,2024-12-22,2024-12-25,2010,Debit,43.56,0.95,41.38,43.56
952,1057,2024-03-20,2024-03-22,2007,Credit,361.85,0.99,358.23,361.85
953,1007,2024-07-29,2024-07-31,2007,Debit,472.97,0.96,454.05,472.97
954,1089,2024-07-10,2024-07-14,2008,Debit,48.23,0.98,47.27,48.23
955,1012,2024-12-25,2024-12-29,2020,Credit,60.77,0.9,54.69,60.77
956,1060,2024-12-25,2024-12-29,2006,Debit,436.72,1.03,449.82,436.72
957,1065,2024-12-17,2024-12-20,2012,Debit,183.72,1.1,202.09,183.72
958,1060,2024-06-15,2024-06-18,2012,Debit,421.76,1.04,438.63,421.76
959,1089,2024-09-23,2024-09-25,2002,Debit,329.38,0.97,319.5,329.38
960,1098,2024-02-25,2024-02-28,2015,Credit,391.22,0.99,387.31,391.22
961,1021,2024-05-28,2024-05-30,2015,Credit,216.37,0.91,196.9,216.37
962,1039,2024-04-01,2024-04-02,2001,Credit,494.2,0.93,459.61,494.2
963,1045,2024-11-09,2024-11-10,2013,Credit,481.42,0.94,452.53,481.42
964,1063,2024-09-01,2024-09-02,2015,Credit,370.22,0.91,336.9,370.22
965,1029,2024-08-05,2024-08-06,2013,Debit,16.75,0.99,16.58,16.75
966,1068,2024-06-01,2024-06-02,2018,Debit,412.5,1.1,453.75,412.5
967,1020,2024-01-26,2024-01-29,2006,Debit,25.54,0.95,24.26,25.54
968,1026,2024-11-07,2024-11-10,2005,Credit,98.03,1.06,103.91,98.03
969,1079,2024-12-29,2025-01-01,2003,Credit,108.41,1.0,108.41,108.41
970,1035,2024-06-02,2024-06-04,2003,Debit,305.86,0.98,299.74,305.86
971,1015,2024-08-18,2024-08-21,2010,Debit,73.49,1.08,79.37,73.49
972,1080,2024-06-13,2024-06-16,2015,Credit,51.37,0.91,46.75,51.37
973,1039,2024-07-12,2024-07-15,2011,Credit,232.4,0.98,227.75,232.4
974,1090,2024-07-17,2024-07-19,2016,Debit,119.71,0.9,107.74,119.71
975,1045,2024-11-30,2024-12-01,2001,Debit,152.89,0.96,146.77,152.89
976,1062,2024-11-02,2024-11-05,2001,Credit,41.56,0.93,38.65,41.56
977,1031,2024-03-06,2024-03-10,2004,Debit,241.0,1.01,243.41,241.0
978,1027,2024-01-11,2024-01-13,2015,Debit,482.86,1.03,497.35,482.86
979,1044,2024-10-17,2024-10-19,2015,Debit,469.05,1.02,478.43,469.05
980,1011,2024-09-22,2024-09-25,2001,Credit,138.75,0.94,130.42,138.75
981,1051,2024-12-16,2024-12-18,2010,Credit,485.19,1.06,514.3,485.19
982,1055,2024-10-29,2024-10-31,2009,Credit,423.64,1.04,440.59,423.64
983,1044,2024-03-22,2024-03-24,2010,Credit,133.15,1.05,139.81,133.15
984,1097,2024-06-23,2024-06-26,2002,Credit,108.57,1.07,116.17,108.57
985,1091,2024-09-20,2024-09-22,2013,Credit,250.36,0.99,247.86,250.36
986,1090,2024-09-09,2024-09-13,2003,Credit,455.93,1.09,496.96,455.93
987,1031,2024-03-29,2024-03-31,2003,Credit,317.15,0.98,310.81,317.15
988,1098,2024-05-25,2024-05-28,2006,Credit,28.96,1.07,30.99,28.96
989,1006,2024-02-10,2024-02-11,2013,Credit,228.61,0.95,217.18,228.61
990,1015,2024-02-10,2024-02-13,2013,Credit,111.26,0.95,105.7,111.26
991,1018,2024-12-28,2025-01-01,2010,Debit,323.71,0.91,294.58,323.71
992,1075,2024-01-15,2024-01-18,2015,Debit,344.22,0.98,337.34,344.22
993,1020,2024-11-18,2024-11-22,2012,Debit,168.3,1.04,175.03,168.3
994,1024,2024-01-28,2024-01-31,2016,Debit,297.91,0.92,274.08,297.91
995,1059,2024-07-17,2024-07-20,2007,Debit,432.35,1.05,453.97,432.35
996,1033,2024-08-06,2024-08-08,2008,Debit,325.37,0.97,315.61,325.37
997,1084,2024-08-31,2024-09-04,2008,Debit,282.28,1.04,293.57,282.28
998,1092,2024-06-30,2024-07-01,2018,Credit,71.31,0.99,70.6,71.31
999,1051,2024-05-25,2024-05-26,2011,Credit,416.76,0.98,408.42,416.76
1000,1047,2024-12-24,2024-12-28,2011,Credit,77.99,1.02,79.55,77.99
1001,1023,2024-05-08,2024-05-12,2004,Credit,489.49,0.96,469.91,489.49
1002,1050,2024-11-06,2024-11-07,2006,Debit,209.08,1.07,223.72,209.08
1003,1044,2024-05-23,2024-05-26,2002,Debit,239.5,1.02,244.29,239.5
1004,1041,2024-03-17,2024-03-19,2020,Credit,468.22,0.95,444.81,468.22
1005,1033,2024-04-27,2024-04-28,2011,Credit,41.81,0.91,38.05,41.81
1006,1051,2024-11-17,2024-11-18,2010,Debit,403.42,0.98,395.35,403.42
1007,1090,2024-10-23,2024-10-26,2007,Debit,133.06,1.03,137.05,133.06
1008,1091,2024-11-09,2024-11-10,2016,Credit,443.21,0.91,403.32,443.21
1009,1041,2024-11-23,2024-11-27,2003,Debit,457.98,1.06,485.46,457.98
1010,1077,2024-07-30,2024-08-03,2001,Debit,460.17,1.05,483.18,460.17
1011,1043,2024-11-13,2024-11-16,2001,Credit,71.33,0.92,65.62,71.33
1012,1086,2024-10-10,2024-10-12,2011,Debit,241.39,1.04,251.05,241.39
1013,1071,2024-07-10,2024-07-14,2020,Credit,478.51,0.92,440.23,478.51
1014,1069,2024-04-07,2024-04-11,2001,Debit,74.62,1.01,75.37,74.62
1015,1098,2024-07-19,2024-07-22,2004,Debit,360.89,1.08,389.76,360.89
1016,1056,2024-01-16,2024-01-17,2003,Debit,179.56,0.92,165.2,179.56
1017,1047,2024-05-07,2024-05-08,2007,Credit,395.14,1.09,430.7,395.14
1018,1017,2024-08-27,2024-08-28,2019,Credit,341.06,0.91,310.36,341.06
1019,1095,2024-04-24,2024-04-26,2018,Credit,399.96,0.99,395.96,399.96
1020,1089,2024-10-16,2024-10-20,2010,Debit,457.66,0.91,416.47,457.66
1021,1060,2024-04-19,2024-04-20,2005,Debit,298.2,0.99,295.22,298.2
1022,1050,2024-01-12,2024-01-16,2006,Debit,338.81,1.02,345.59,338.81
1023,1075,2024-10-28,2024-10-29,2018,Debit,259.6,1.07,277.77,259.6
1024,1071,2024-01-20,2024-01-23,2005,Credit,116.11,0.92,106.82,116.11
1025,1078,2024-06-23,2024-06-25,2012,Credit,131.31,1.0,131.31,131.31
1026,1093,2024-01-11,2024-01-12,2011,Credit,314.22,0.94,295.37,314.22
1027,1086,2024-09-08,2024-09-10,2013,Credit,138.17,1.05,145.08,138.17
1028,1042,2024-12-06,2024-12-08,2016,Debit,128.75,1.05,135.19,128.75
1029,1061,2024-12-14,2024-12-15,2012,Debit,13.06,0.94,12.28,13.06
1030,1094,2024-07-31,2024-08-01,2011,Credit,40.25,0.99,39.85,40.25
1031,1080,2024-01-13,2024-01-15,2002,Credit,246.16,0.99,243.7,246.16
1032,1004,2024-10-18,2024-10-22,2009,Debit,353.03,1.03,363.62,353.03
1033,1031,2024-05-05,2024-05-09,2002,Credit,40.4,1.03,41.61,40.4
1034,1048,2024-12-16,2024-12-19,2007,Credit,135.29,1.05,142.05,135.29
1035,1091,2024-01-23,2024-01-26,2005,Debit,390.05,1.03,401.75,390.05
1036,1009,2024-02-26,2024-02-28,2012,Debit,90.21,0.96,86.6,90.21
1037,1007,2024-01-01,2024-01-03,2020,Credit,237.13,1.08,256.1,237.13
1038,1096,2024-09-28,2024-09-30,2006,Credit,385.57,1.08,416.42,385.57
1039,1005,2024-08-07,2024-08-10,2002,Debit,431.76,1.09,470.62,431.76
1040,1025,2024-07-18,2024-07-21,2014,Credit,426.23,0.94,400.66,426.23
1041,1065,2024-02-15,2024-02-19,2017,Credit,382.41,0.95,363.29,382.41
1042,1089,2024-11-10,2024-11-12,2005,Debit,104.01,0.97,100.89,104.01
1043,1075,2024-04-07,2024-04-09,2001,Debit,127.64,1.02,130.19,127.64
1044,1055,2024-05-20,2024-05-24,2006,Credit,170.24,1.09,185.56,170.24
1045,1086,2024-04-16,2024-04-17,2006,Credit,313.11,1.01,316.24,313.11
1046,1003,2024-07-31,2024-08-03,2006,Credit,60.12,0.97,58.32,60.12
1047,1099,2024-04-12,2024-04-15,2016,Debit,488.64,1.09,532.62,488.64
1048,1098,2024-11-21,2024-11-22,2004,Debit,402.25,1.02,410.3,402.25
1049,1077,2024-11-16,2024-11-20,2007,Credit,435.16,1.01,439.51,435.16
1050,1038,2024-03-18,2024-03-21,2011,Debit,457.07,0.91,415.93,457.07
1051,1034,2024-10-19,2024-10-21,2015,Debit,312.56,1.0,312.56,312.56
1052,1064,2024-08-01,2024-08-03,2001,Credit,67.24,0.96,64.55,67.24
1053,1090,2024-03-18,2024-03-19,2001,Debit,35.43,0.96,34.01,35.43
1054,1024,2024-04-17,2024-04-18,2013,Credit,117.42,0.96,112.72,117.42
1055,1053,2024-10-31,2024-11-02,2012,Credit,489.34,0.98,479.55,489.34
1056,1074,2024-09-30,2024-10-01,2018,Debit,189.57,0.91,172.51,189.57
1057,1081,2024-05-28,2024-06-01,2013,Debit,218.63,1.03,225.19,218.63
1058,1079,2024-06-25,2024-06-27,2005,Debit,473.66,1.04,492.61,473.66
1059,1059,2024-03-23,2024-03-24,2009,Credit,402.07,1.03,414.13,402.07
1060,1053,2024-04-14,2024-04-15,2014,Credit,148.69,0.99,147.2,148.69
1061,1041,2024-05-14,2024-05-18,2009,Credit,134.12,1.04,139.48,134.12
1062,1064,2024-05-16,2024-05-19,2020,Credit,269.35,0.96,258.58,269.35
1063,1027,2024-07-10,2024-07-11,2001,Credit,287.33,1.02,293.08,287.33
1064,1010,2024-11-07,2024-11-09,2001,Credit,352.82,1.02,359.88,352.82
1065,1067,2024-06-27,2024-06-28,2015,Debit,343.55,1.01,346.99,343.55
1066,1007,2024-02-12,2024-02-16,2016,Debit,403.59,0.98,395.52,403.59
1067,1085,2024-04-13,2024-04-17,2004,Credit,437.73,1.06,463.99,437.73
1068,1063,2024-09-28,2024-10-02,2008,Credit,167.86,1.08,181.29,167.86
1069,1033,2024-07-16,2024-07-20,2005,Debit,140.67,0.9,126.6,140.67
1070,1068,2024-09-28,2024-10-01,2017,Debit,321.04,1.06,340.3,321.04
1071,1036,2024-04-08,2024-04-10,2001,Debit,376.69,1.04,391.76,376.69
1072,1039,2024-06-16,2024-06-18,2019,Credit,305.86,0.97,296.68,305.86
1073,1037,2024-07-19,2024-07-20,2006,Debit,345.36,0.92,317.73,345.36
1074,1039,2024-06-14,2024-06-15,2011,Debit,433.66,0.91,394.63,433.66
1075,1090,2024-05-03,2024-05-04,2019,Debit,326.78,0.91,297.37,326.78
1076,1057,2024-08-03,2024-08-04,2019,Credit,497.79,1.07,532.64,497.79
1077,1019,2024-05-29,2024-06-01,2015,Debit,219.03,0.93,203.7,219.03
1078,1094,2024-11-09,2024-11-13,2007,Debit,98.49,1.06,104.4,98.49
1079,1076,2024-01-24,2024-01-27,2008,Credit,251.05,1.0,251.05,251.05
1080,1073,2024-03-05,2024-03-08,2001,Debit,448.65,1.09,489.03,448.65
1081,1039,2024-06-20,2024-06-24,2003,Debit,383.91,0.92,353.2,383.91
1082,1075,2024-08-08,2024-08-10,2007,Debit,238.27,1.06,252.57,238.27
1083,1002,2024-03-15,2024-03-16,2010,Debit,497.56,0.98,487.61,497.56
1084,1090,2024-01-04,2024-01-05,2016,Credit,351.76,1.07,376.38,351.76
1085,1060,2024-12-03,2024-12-07,2005,Credit,142.32,0.95,135.2,142.32
1086,1061,2024-04-02,2024-04-06,2014,Debit,380.05,1.09,414.25,380.05
1087,1072,2024-11-30,2024-12-01,2014,Debit,134.2,1.03,138.23,134.2
1088,1084,2024-08-25,2024-08-27,2015,Debit,170.45,0.93,158.52,170.45
1089,1046,2024-10-17,2024-10-21,2003,Credit,165.18,1.06,175.09,165.18
1090,1046,2024-01-19,2024-01-22,2020,Credit,164.49,0.92,151.33,164.49
1091,1038,2024-06-10,2024-06-12,2019,Credit,210.57,1.0,210.57,210.57
1092,1076,2024-10-14,2024-10-16,2011,Debit,474.96,0.93,441.71,474.96
1093,1025,2024-01-06,2024-01-10,2012,Debit,72.59,0.92,66.78,72.59
1094,1041,2024-09-04,2024-09-08,2007,Credit,454.73,1.07,486.56,454.73
1095,1091,2024-01-07,2024-01-10,2002,Credit,69.39,1.06,73.55,69.39
1096,1021,2024-02-04,2024-02-06,2019,Debit,381.78,1.03,393.23,381.78
1097,1100,2024-08-06,2024-08-08,2009,Debit,207.97,1.06,220.45,207.97
1098,1011,2024-10-20,2024-10-23,2004,Debit,472.49,0.98,463.04,472.49
1099,1006,2024-09-12,2024-09-16,2010,Debit,17.65,1.08,19.06,17.65
1100,1097,2024-06-11,2024-06-14,2020,Debit,234.72,1.02,239.41,234.72
1101,1080,2024-10-28,2024-10-31,2001,Credit,105.72,0.95,100.43,105.72
1102,1033,2024-11-25,2024-11-26,2019,Debit,149.88,0.95,142.39,149.88
1103,1019,2024-11-12,2024-11-16,2001,Credit,193.76,1.0,193.76,193.76
1104,1021,2024-03-31,2024-04-02,2005,Debit,93.14,1.08,100.59,93.14
1105,1083,2024-11-16,2024-11-18,2015,Credit,460.42,0.97,446.61,460.42
1106,1039,2024-11-23,2024-11-24,2006,Debit,203.58,0.98,199.51,203.58
1107,1090,2024-08-09,2024-08-12,2004,Credit,277.8,1.04,288.91,277.8
1108,1062,2024-10-16,2024-10-18,2017,Credit,287.78,1.01,290.66,287.78
1109,1093,2024-02-03,2024-02-07,2009,Credit,365.92,0.95,347.62,365.92
1110,1031,2024-02-03,2024-02-06,2008,Debit,418.77,0.96,402.02,418.77
1111,1048,2024-07-06,2024-07-07,2011,Credit,472.79,1.1,520.07,472.79
1112,1064,2024-02-17,2024-02-18,2019,Debit,495.16,0.93,460.5,495.16
1113,1057,2024-10-25,2024-10-28,2018,Credit,304.44,1.08,328.8,304.44
1114,1050,2024-05-29,2024-06-02,2018,Debit,79.12,0.96,75.96,79.12
1115,1005,2024-03-08,2024-03-09,2007,Debit,380.78,0.94,357.93,380.78
1116,1093,2024-10-24,2024-10-26,2009,Credit,94.02,0.93,87.44,94.02
1117,1099,2024-05-16,2024-05-17,2012,Debit,120.61,1.02,123.02,120.61
1118,1048,2024-03-01,2024-03-05,2012,Credit,493.82,1.08,533.33,493.82
1119,1090,2024-05-24,2024-05-26,2019,Debit,355.54,0.9,319.99,355.54
1120,1028,2024-02-23,2024-02-25,2019,Debit,200.5,0.95,190.48,200.5
1121,1036,2024-05-08,2024-05-10,2006,Debit,295.57,1.0,295.57,295.57
1122,1021,2024-11-21,2024-11-25,2002,Debit,180.55,0.97,175.13,180.55
1123,1088,2024-09-09,2024-09-11,2003,Debit,146.04,1.09,159.18,146.04
1124,1067,2024-04-04,2024-04-06,2012,Debit,287.28,1.0,287.28,287.28
1125,1072,2024-07-28,2024-07-31,2007,Debit,323.8,0.93,301.13,323.8
1126,1048,2024-11-19,2024-11-20,2014,Debit,412.15,1.08,445.12,412.15
1127,1070,2024-11-13,2024-11-16,2019,Credit,360.46,0.95,342.44,360.46
1128,1062,2024-04-17,2024-04-18,2014,Credit,374.35,1.08,404.3,374.35
1129,1090,2024-03-21,2024-03-23,2003,Credit,479.29,1.04,498.46,479.29
1130,1071,2024-03-27,2024-03-30,2020,Debit,101.6,0.94,95.5,101.6
1131,1005,2024-04-22,2024-04-24,2010,Debit,489.86,1.07,524.15,489.86
1132,1073,2024-02-13,2024-02-16,2005,Credit,201.22,0.94,189.15,201.22
1133,1011,2024-08-24,2024-08-26,2009,Debit,383.85,1.04,399.2,383.85
1134,1092,2024-10-28,2024-11-01,2019,Debit,275.54,0.97,267.27,275.54
1135,1016,2024-07-28,2024-08-01,2004,Credit,331.35,0.97,321.41,331.35
1136,1084,2024-10-14,2024-10-16,2006,Debit,292.86,0.94,275.29,292.86
1137,1085,2024-01-01,2024-01-05,2005,Debit,82.16,1.07,87.91,82.16
1138,1049,2024-12-27,2024-12-29,2018,Debit,288.12,1.04,299.64,288.12
1139,1005,2024-06-29,2024-07-03,2010,Debit,204.78,0.91,186.35,204.78
1140,1010,2024-06-07,2024-06-09,2014,Debit,265.04,0.93,246.49,265.04
1141,1034,2024-03-04,2024-03-08,2019,Credit,85.35,1.05,89.62,85.35
1142,1056,2024-03-22,2024-03-23,2003,Credit,215.49,1.07,230.57,215.49
1143,1003,2024-11-08,2024-11-11,2014,Debit,228.5,0.93,212.51,228.5
1144,1026,2024-02-01,2024-02-04,2001,Debit,64.75,1.09,70.58,64.75
1145,1098,2024-09-05,2024-09-09,2016,Credit,154.94,0.92,142.54,154.94
1146,1039,2024-01-04,2024-01-08,2018,Credit,459.94,1.02,469.14,459.94
1147,1037,2024-02-01,2024-02-04,2014,Debit,279.78,1.03,288.17,279.78
1148,1086,2024-02-18,2024-02-21,2008,Debit,119.57,0.9,107.61,119.57
1149,1084,2024-04-22,2024-04-24,2008,Debit,202.46,0.93,188.29,202.46
1150,1086,2024-04-04,2024-04-05,2015,Debit,381.68,0.96,366.41,381.68
1151,1013,2024-12-11,2024-12-14,2006,Debit,499.93,0.95,474.93,499.93
1152,1048,2024-08-04,2024-08-07,2010,Credit,22.87,1.05,24.01,22.87
1153,1054,2024-08-04,2024-08-05,2014,Credit,219.73,0.94,206.55,219.73
1154,1001,2024-10-21,2024-10-23,2014,Credit,362.61,0.95,344.48,362.61
1155,1037,2024-06-21,2024-06-23,2002,Debit,149.53,1.09,162.99,149.53
1156,1095,2024-10-11,2024-10-12,2006,Debit,110.7,1.07,118.45,110.7
1157,1041,2024-08-16,2024-08-19,2007,Debit,295.48,0.97,286.62,295.48
1158,1015,2024-01-25,2024-01-28,2002,Credit,89.06,1.05,93.51,89.06
1159,1073,2024-05-14,2024-05-16,2020,Credit,404.47,0.9,364.02,404.47
1160,1054,2024-08-06,2024-08-07,2020,Credit,492.67,1.06,522.23,492.67
1161,1062,2024-08-26,2024-08-29,2016,Debit,267.13,1.07,285.83,267.13
1162,1005,2024-05-05,2024-05-09,2008,Debit,466.42,1.1,513.06,466.42
1163,1079,2024-11-14,2024-11-16,2013,Debit,23.94,1.07,25.62,23.94
1164,1052,2024-07-23,2024-07-27,2015,Debit,278.54,1.1,306.39,278.54
1165,1084,2024-11-10,2024-11-13,2012,Debit,310.02,1.09,337.92,310.02
1166,1021,2024-10-25,2024-10-26,2006,Credit,190.93,1.1,210.02,190.93
1167,1070,2024-04-30,2024-05-03,2014,Debit,386.87,0.97,375.26,386.87
1168,1080,2024-12-28,2025-01-01,2009,Debit,433.36,1.03,446.36,433.36
1169,1064,2024-02-19,2024-02-20,2004,Debit,491.54,1.05,516.12,491.54
1170,1031,2024-02-29,2024-03-02,2003,Debit,155.23,1.0,155.23,155.23
1171,1034,2024-03-23,2024-03-26,2016,Debit,201.33,0.93,187.24,201.33
1172,1093,2024-09-10,2024-09-12,2009,Debit,247.87,1.01,250.35,247.87
1173,1055,2024-10-19,2024-10-20,2008,Credit,111.82,1.01,112.94,111.82
1174,1047,2024-03-14,2024-03-18,2014,Debit,397.96,0.95,378.06,397.96
1175,1013,2024-03-07,2024-03-11,2004,Debit,458.22,1.07,490.3,458.22
1176,1059,2024-08-26,2024-08-30,2020,Credit,342.88,1.1,377.17,342.88
1177,1063,2024-06-01,2024-06-03,2011,Debit,76.95,0.97,74.64,76.95
1178,1003,2024-10-31,2024-11-03,2010,Credit,320.85,0.93,298.39,320.85
1179,1042,2024-09-12,2024-09-16,2007,Credit,181.03,0.91,164.74,181.03
1180,1024,2024-12-22,2024-12-26,2003,Debit,296.67,1.07,317.44,296.67
1181,1004,2024-01-18,2024-01-21,2017,Debit,398.36,0.92,366.49,398.36
1182,1041,2024-10-19,2024-10-21,2013,Debit,492.6,1.04,512.3,492.6
1183,1090,2024-02-10,2024-02-14,2004,Credit,317.02,0.91,288.49,317.02
1184,1085,2024-05-14,2024-05-16,2016,Debit,372.64,0.96,357.73,372.64
1185,1093,2024-01-26,2024-01-28,2007,Debit,458.81,1.02,467.99,458.81
1186,1075,2024-10-22,2024-10-24,2014,Debit,262.97,1.09,286.64,262.97
1187,1049,2024-05-06,2024-05-07,2008,Debit,32.33,1.08,34.92,32.33
1188,1087,2024-03-02,2024-03-06,2001,Debit,300.81,1.02,306.83,300.81
1189,1012,2024-10-10,2024-10-11,2001,Debit,251.83,1.07,269.46,251.83
1190,1043,2024-01-12,2024-01-16,2006,Debit,496.66,0.99,491.69,496.66
1191,1041,2024-10-18,2024-10-21,2005,Credit,425.99,1.03,438.77,425.99
1192,1033,2024-12-05,2024-12-06,2007,Debit,311.51,1.09,339.55,311.51
1193,1003,2024-04-10,2024-04-14,2014,Debit,124.12,1.05,130.33,124.12
1194,1098,2024-03-06,2024-03-09,2008,Credit,400.05,0.98,392.05,400.05
1195,1012,2024-07-30,2024-08-02,2012,Debit,434.43,0.92,399.68,434.43
1196,1042,2024-01-26,2024-01-28,2011,Credit,240.09,1.09,261.7,240.09
1197,1054,2024-04-15,2024-04-19,2002,Credit,38.18,0.95,36.27,38.18
1198,1023,2024-07-10,2024-07-12,2012,Credit,130.03,0.95,123.53,130.03
1199,1046,2024-02-02,2024-02-05,2009,Credit,420.21,1.0,420.21,420.21
1200,1080,2024-01-03,2024-01-07,2009,Credit,424.8,0.98,416.3,424.8
1201,1030,2024-06-23,2024-06-25,2008,Credit,403.65,0.93,375.39,403.65
1202,1023,2024-07-18,2024-07-19,2005,Credit,176.61,0.91,160.72,176.61
1203,1091,2024-02-22,2024-02-25,2015,Debit,474.97,1.02,484.47,474.97
1204,1059,2024-05-07,2024-05-10,2017,Debit,322.49,0.95,306.37,322.49
1205,1002,2024-05-17,2024-05-19,2019,Credit,172.63,1.1,189.89,172.63
1206,1090,2024-02-04,2024-02-08,2016,Credit,84.58,0.92,77.81,84.58
1207,1027,2024-01-21,2024-01-22,2002,Debit,67.41,1.02,68.76,67.41
1208,1082,2024-03-30,2024-04-02,2007,Credit,26.55,0.99,26.28,26.55
1209,1005,2024-11-17,2024-11-20,2001,Debit,245.69,1.07,262.89,245.69
1210,1016,2024-03-26,2024-03-30,2002,Credit,294.33,1.06,311.99,294.33
1211,1079,2024-11-04,2024-11-07,2014,Debit,31.87,0.93,29.64,31.87
1212,1061,2024-11-26,2024-11-28,2006,Credit,317.14,1.07,339.34,317.14
1213,1037,2024-06-28,2024-07-01,2020,Debit,337.51,1.09,367.89,337.51
1214,1039,2024-08-22,2024-08-23,2019,Credit,398.34,0.95,378.42,398.34
1215,1045,2024-09-17,2024-09-18,2012,Credit,273.75,0.97,265.54,273.75
1216,1039,2024-04-25,2024-04-28,2013,Credit,421.05,1.03,433.68,421.05
1217,1080,2024-10-07,2024-10-11,2015,Debit,168.08,0.92,154.63,168.08
1218,1036,2024-08-28,2024-08-29,2017,Credit,139.47,1.09,152.02,139.47
1219,1052,2024-10-05,2024-10-06,2012,Credit,102.44,1.06,108.59,102.44
1220,1023,2024-08-18,2024-08-22,2001,Credit,366.7,0.98,359.37,366.7
1221,1092,2024-01-20,2024-01-23,2013,Credit,483.7,0.92,445.0,483.7
1222,1074,2024-05-24,2024-05-27,2015,Credit,70.83,0.97,68.71,70.83
1223,1021,2024-07-21,2024-07-25,2002,Debit,283.38,0.91,257.88,283.38
1224,1016,2024-02-15,2024-02-16,2010,Credit,266.95,1.03,274.96,266.95
1225,1024,2024-04-01,2024-04-05,2014,Debit,271.18,1.05,284.74,271.18
1226,1076,2024-04-28,2024-04-30,2017,Credit,25.69,0.91,23.38,25.69
1227,1073,2024-03-02,2024-03-05,2014,Debit,211.43,0.9,190.29,211.43
1228,1009,2024-06-12,2024-06-13,2009,Debit,473.27,1.03,487.47,473.27
1229,1072,2024-07-24,2024-07-28,2015,Debit,462.85,0.98,453.59,462.85
1230,1021,2024-03-02,2024-03-03,2013,Credit,473.59,0.92,435.7,473.59
1231,1082,2024-04-11,2024-04-13,2007,Debit,197.01,0.94,185.19,197.01
1232,1004,2024-05-03,2024-05-07,2012,Credit,94.64,0.97,91.8,94.64
1233,1073,2024-08-15,2024-08-17,2016,Debit,334.88,0.91,304.74,334.88
1234,1073,2024-11-20,2024-11-23,2007,Debit,424.58,0.99,420.33,424.58
1235,1100,2024-05-12,2024-05-13,2012,Credit,349.96,1.01,353.46,349.96
1236,1072,2024-08-04,2024-08-06,2008,Debit,373.58,1.09,407.2,373.58
1237,1054,2024-03-26,2024-03-27,2015,Debit,49.06,1.02,50.04,49.06
1238,1053,2024-07-16,2024-07-17,2002,Credit,277.12,0.92,254.95,277.12
1239,1039,2024-09-20,2024-09-22,2007,Debit,444.07,0.93,412.99,444.07
1240,1051,2024-09-16,2024-09-19,2011,Debit,129.94,1.05,136.44,129.94
1241,1034,2024-07-19,2024-07-21,2018,Debit,142.7,1.1,156.97,142.7
1242,1032,2024-02-15,2024-02-19,2005,Credit,312.67,1.01,315.8,312.67
1243,1087,2024-02-10,2024-02-11,2016,Credit,225.21,0.9,202.69,225.21
1244,1025,2024-08-04,2024-08-08,2010,Debit,221.25,1.02,225.68,221.25
1245,1081,2024-12-04,2024-12-07,2012,Debit,418.43,1.04,435.17,418.43
1246,1025,2024-03-14,2024-03-17,2014,Credit,440.54,1.08,475.78,440.54
1247,1020,2024-03-18,2024-03-21,2012,Debit,163.11,1.04,169.63,163.11
1248,1048,2024-04-13,2024-04-14,2001,Credit,200.23,0.96,192.22,200.23
1249,1021,2024-12-30,2025-01-03,2008,Credit,37.59,1.09,40.97,37.59
1250,1037,2024-09-16,2024-09-19,2012,Credit,243.0,0.97,235.71,243.0
1251,1054,2024-12-08,2024-12-10,2020,Credit,367.44,1.08,396.84,367.44
1252,1072,2024-10-07,2024-10-11,2002,Credit,354.46,1.01,358.0,354.46
1253,1004,2024-05-15,2024-05-17,2002,Credit,178.3,0.92,164.04,178.3
1254,1070,2024-01-23,2024-01-26,2006,Debit,379.68,0.96,364.49,379.68
1255,1033,2024-01-02,2024-01-04,2016,Debit,36.41,1.03,37.5,36.41
1256,1049,2024-10-27,2024-10-30,2020,Debit,252.64,0.92,232.43,252.64
1257,1027,2024-05-14,2024-05-17,2003,Debit,205.15,0.94,192.84,205.15
1258,1062,2024-09-10,2024-09-12,2005,Credit,357.88,1.05,375.77,357.88
1259,1018,2024-12-26,2024-12-29,2002,Debit,215.58,1.05,226.36,215.58
1260,1033,2024-03-10,2024-03-13,2014,Debit,285.72,1.08,308.58,285.72
1261,1050,2024-10-12,2024-10-14,2005,Debit,489.22,1.06,518.57,489.22
1262,1100,2024-03-14,2024-03-15,2013,Debit,122.33,1.05,128.45,122.33
1263,1085,2024-10-14,2024-10-16,2016,Credit,266.91,1.08,288.26,266.91
1264,1057,2024-02-17,2024-02-19,2016,Credit,378.2,0.94,355.51,378.2
1265,1078,2024-09-16,2024-09-18,2004,Credit,495.62,0.92,455.97,495.62
1266,1035,2024-07-15,2024-07-18,2002,Debit,150.16,1.08,162.17,150.16
1267,1010,2024-09-16,2024-09-19,2004,Debit,453.93,0.93,422.15,453.93
1268,1052,2024-01-20,2024-01-24,2001,Debit,60.28,1.02,61.49,60.28
1269,1078,2024-06-07,2024-06-08,2014,Credit,409.31,1.02,417.5,409.31
1270,1063,2024-11-02,2024-11-05,2007,Credit,435.64,1.08,470.49,435.64
1271,1032,2024-12-08,2024-12-09,2004,Credit,309.62,0.94,291.04,309.62
1272,1022,2024-03-24,2024-03-25,2012,Debit,250.21,1.02,255.21,250.21
1273,1080,2024-09-04,2024-09-06,2019,Debit,274.68,1.04,285.67,274.68
1274,1068,2024-04-13,2024-04-14,2017,Debit,306.23,1.09,333.79,306.23
1275,1060,2024-03-09,2024-03-10,2009,Credit,51.75,0.98,50.72,51.75
1276,1056,2024-05-11,2024-05-14,2019,Credit,413.12,0.91,375.94,413.12
1277,1094,2024-02-19,2024-02-20,2013,Credit,455.88,0.9,410.29,455.88
1278,1017,2024-03-15,2024-03-17,2007,Credit,257.8,0.93,239.75,257.8
1279,1083,2024-10-21,2024-10-24,2012,Credit,199.95,0.99,197.95,199.95
1280,1041,2024-11-10,2024-11-14,2008,Credit,233.03,0.94,219.05,233.03
1281,1077,2024-02-11,2024-02-14,2006,Credit,446.04,0.97,432.66,446.04
1282,1079,2024-03-10,2024-03-14,2003,Debit,140.25,0.94,131.83,140.25
1283,1037,2024-03-10,2024-03-13,2004,Credit,141.3,0.95,134.24,141.3
1284,1032,2024-02-09,2024-02-11,2003,Debit,418.63,1.01,422.82,418.63
1285,1089,2024-05-16,2024-05-18,2004,Credit,56.95,1.0,56.95,56.95
1286,1005,2024-04-09,2024-04-12,2004,Credit,428.48,0.97,415.63,428.48
1287,1066,2024-12-20,2024-12-23,2016,Debit,335.63,1.04,349.06,335.63
1288,1016,2024-01-31,2024-02-02,2007,Debit,460.0,0.91,418.6,460.0
1289,1020,2024-03-06,2024-03-10,2009,Credit,455.73,0.97,442.06,455.73
1290,1034,2024-05-05,2024-05-07,2003,Debit,125.08,1.08,135.09,125.08
1291,1044,2024-07-11,2024-07-12,2020,Debit,333.92,1.05,350.62,333.92
1292,1083,2024-03-12,2024-03-16,2008,Credit,260.65,0.93,242.4,260.65
1293,1068,2024-10-09,2024-10-13,2019,Debit,295.8,0.94,278.05,295.8
1294,1093,2024-02-23,2024-02-27,2015,Credit,311.45,0.97,302.11,311.45
1295,1070,2024-11-05,2024-11-08,2013,Credit,395.72,0.98,387.81,395.72
1296,1072,2024-07-22,2024-07-24,2010,Credit,311.34,1.02,317.57,311.34
1297,1013,2024-12-24,2024-12-27,2013,Debit,272.38,0.91,247.87,272.38
1298,1090,2024-11-27,2024-11-28,2001,Debit,247.26,1.03,254.68,247.26
1299,1051,2024-10-13,2024-10-15,2010,Debit,61.9,1.1,68.09,61.9
1300,1096,2024-02-24,2024-02-28,2007,Credit,357.62,0.98,350.47,357.62
1301,1085,2024-05-22,2024-05-23,2020,Credit,231.04,1.08,249.52,231.04
1302,1090,2024-07-28,2024-07-31,2003,Debit,41.9,0.95,39.8,41.9
1303,1024,2024-09-06,2024-09-09,2011,Debit,206.81,1.09,225.42,206.81
1304,1064,2024-08-24,2024-08-26,2011,Credit,45.11,0.96,43.31,45.11
1305,1096,2024-12-03,2024-12-05,2013,Credit,342.39,1.1,376.63,342.39
1306,1004,2024-07-17,2024-07-21,2013,Credit,336.29,0.91,306.02,336.29
1307,1018,2024-01-17,2024-01-18,2019,Credit,327.57,0.94,307.92,327.57
1308,1006,2024-11-01,2024-11-03,2003,Credit,355.62,1.02,362.73,355.62
1309,1092,2024-02-22,2024-02-25,2007,Debit,153.42,0.96,147.28,153.42
1310,1081,2024-11-13,2024-11-16,2020,Credit,410.53,1.02,418.74,410.53
1311,1092,2024-11-22,2024-11-23,2015,Credit,426.86,1.02,435.4,426.86
1312,1046,2024-04-05,2024-04-09,2011,Debit,138.22,1.08,149.28,138.22
1313,1062,2024-08-22,2024-08-23,2006,Debit,460.43,0.99,455.83,460.43
1314,1005,2024-03-01,2024-03-03,2007,Credit,334.04,1.03,344.06,334.04
1315,1082,2024-02-16,2024-02-18,2011,Debit,331.64,1.06,351.54,331.64
1316,1061,2024-06-20,2024-06-22,2002,Debit,64.85,0.96,62.26,64.85
1317,1002,2024-12-13,2024-12-17,2013,Credit,384.41,1.06,407.47,384.41
1318,1053,2024-01-14,2024-01-17,2012,Debit,266.19,0.93,247.56,266.19
1319,1010,2024-11-22,2024-11-23,2010,Credit,255.56,0.96,245.34,255.56
1320,1094,2024-01-26,2024-01-28,2014,Debit,440.36,0.97,427.15,440.36
1321,1037,2024-11-15,2024-11-16,2011,Credit,70.94,0.93,65.97,70.94
1322,1038,2024-08-06,2024-08-10,2011,Debit,450.0,0.93,418.5,450.0
1323,1049,2024-09-20,2024-09-22,2004,Debit,487.13,1.09,530.97,487.13
1324,1096,2024-02-17,2024-02-19,2016,Credit,356.17,0.91,324.11,356.17
1325,1038,2024-11-10,2024-11-13,2002,Credit,251.83,0.95,239.24,251.83
1326,1057,2024-12-10,2024-12-12,2003,Debit,481.1,0.94,452.23,481.1
1327,1065,2024-11-25,2024-11-26,2013,Debit,22.83,0.96,21.92,22.83
1328,1078,2024-03-27,2024-03-29,2009,Debit,352.14,0.98,345.1,352.14
1329,1033,2024-07-22,2024-07-24,2008,Credit,333.12,1.0,333.12,333.12
1330,1036,2024-12-02,2024-12-04,2015,Debit,473.2,1.05,496.86,473.2
1331,1081,2024-09-30,2024-10-04,2002,Credit,255.01,1.08,275.41,255.01
1332,1078,2024-02-19,2024-02-20,2009,Debit,456.63,1.01,461.2,456.63
1333,1006,2024-11-15,2024-11-17,2014,Credit,372.06,1.01,375.78,372.06
1334,1030,2024-05-20,2024-05-24,2011,Credit,86.73,1.08,93.67,86.73
1335,1044,2024-10-27,2024-10-30,2006,Credit,146.85,1.0,146.85,146.85
1336,1084,2024-01-25,2024-01-27,2007,Credit,398.79,0.9,358.91,398.79
1337,1097,2024-04-14,2024-04-15,2011,Credit,254.15,1.03,261.77,254.15
1338,1034,2024-03-12,2024-03-14,2006,Debit,368.94,0.96,354.18,368.94
1339,1046,2024-06-11,2024-06-13,2001,Debit,358.43,0.95,340.51,358.43
1340,1046,2024-06-27,2024-06-29,2001,Debit,100.21,0.96,96.2,100.21
1341,1079,2024-05-19,2024-05-20,2011,Debit,469.58,0.92,432.01,469.58
1342,1076,2024-11-15,2024-11-17,2016,Debit,424.9,0.91,386.66,424.9
1343,1075,2024-08-06,2024-08-09,2009,Credit,26.32,0.9,23.69,26.32
1344,1050,2024-05-16,2024-05-17,2004,Credit,193.66,1.07,207.22,193.66
1345,1067,2024-04-01,2024-04-04,2001,Debit,36.47,1.05,38.29,36.47
1346,1038,2024-09-08,2024-09-12,2011,Credit,336.06,0.95,319.26,336.06
1347,1047,2024-05-25,2024-05-29,2017,Credit,14.57,1.0,14.57,14.57
1348,1026,2024-10-06,2024-10-07,2013,Credit,486.41,1.02,496.14,486.41
1349,1042,2024-01-30,2024-01-31,2007,Credit,342.12,0.95,325.01,342.12
1350,1014,2024-06-29,2024-07-02,2010,Credit,307.48,1.09,335.15,307.48
1351,1071,2024-07-07,2024-07-08,2006,Credit,65.88,1.08,71.15,65.88
1352,1035,2024-04-24,2024-04-26,2009,Debit,16.34,1.02,16.67,16.34
1353,1098,2024-03-01,2024-03-03,2020,Debit,285.06,1.09,310.72,285.06
1354,1089,2024-06-05,2024-06-08,2003,Credit,398.71,0.94,374.79,398.71
1355,1049,2024-07-02,2024-07-03,2020,Debit,83.08,1.09,90.56,83.08
1356,1094,2024-12-13,2024-12-14,2003,Credit,262.29,0.97,254.42,262.29
1357,1036,2024-08-12,2024-08-15,2009,Debit,237.1,1.06,251.33,237.1
1358,1025,2024-09-16,2024-09-20,2011,Debit,43.15,1.08,46.6,43.15
1359,1027,2024-03-02,2024-03-06,2008,Debit,396.91,0.92,365.16,396.91
1360,1068,2024-12-24,2024-12-28,2016,Debit,166.38,0.92,153.07,166.38
1361,1020,2024-08-29,2024-09-01,2009,Credit,476.86,0.91,433.94,476.86
1362,1042,2024-11-15,2024-11-18,2011,Debit,487.05,1.07,521.14,487.05
1363,1013,2024-04-04,2024-04-05,2018,Debit,97.29,1.09,106.05,97.29
1364,1005,2024-06-27,2024-06-29,2013,Debit,296.88,0.94,279.07,296.88
1365,1061,2024-06-10,2024-06-13,2014,Credit,323.69,1.03,333.4,323.69
1366,1023,2024-01-13,2024-01-14,2013,Debit,34.08,1.09,37.15,34.08
1367,1036,2024-10-07,2024-10-11,2017,Credit,58.81,0.96,56.46,58.81
1368,1091,2024-11-15,2024-11-19,2009,Credit,449.87,0.96,431.88,449.87
1369,1073,2024-09-15,2024-09-17,2013,Credit,326.0,1.04,339.04,326.0
1370,1029,2024-11-30,2024-12-04,2005,Debit,324.55,0.93,301.83,324.55
1371,1031,2024-01-12,2024-01-15,2010,Credit,122.07,0.97,118.41,122.07
1372,1035,2024-06-09,2024-06-10,2016,Debit,460.18,0.95,437.17,460.18
1373,1020,2024-02-14,2024-02-18,2011,Credit,241.99,1.01,244.41,241.99
1374,1069,2024-01-27,2024-01-29,2020,Credit,200.51,0.97,194.49,200.51
1375,1100,2024-11-13,2024-11-15,2009,Credit,406.02,0.91,369.48,406.02
1376,1047,2024-02-15,2024-02-18,2002,Debit,24.8,0.99,24.55,24.8
1377,1089,2024-07-24,2024-07-27,2013,Debit,87.27,0.92,80.29,87.27
1378,1100,2024-09-16,2024-09-17,2020,Debit,66.68,0.94,62.68,66.68
1379,1094,2024-03-12,2024-03-14,2009,Debit,271.53,0.91,247.09,271.53
1380,1064,2024-11-09,2024-11-11,2006,Debit,33.28,1.09,36.28,33.28
1381,1071,2024-10-05,2024-10-08,2003,Debit,184.78,1.03,190.32,184.78
1382,1055,2024-04-21,2024-04-25,2020,Debit,439.48,1.03,452.66,439.48
1383,1046,2024-07-18,2024-07-21,2014,Credit,91.87,1.07,98.3,91.87
1384,1032,2024-05-07,2024-05-10,2013,Credit,181.13,0.99,179.32,181.13
1385,1099,2024-02-29,2024-03-04,2019,Credit,16.65,0.93,15.48,16.65
1386,1079,2024-09-25,2024-09-27,2006,Debit,45.59,0.99,45.13,45.59
1387,1060,2024-09-10,2024-09-12,2018,Debit,118.99,0.97,115.42,118.99
1388,1084,2024-01-21,2024-01-25,2008,Debit,135.47,1.01,136.82,135.47
1389,1066,2024-06-09,2024-06-12,2016,Credit,60.51,1.0,60.51,60.51
1390,1057,2024-08-28,2024-08-31,2007,Debit,490.67,0.94,461.23,490.67
1391,1052,2024-12-30,2025-01-01,2017,Credit,356.65,0.99,353.08,356.65
1392,1062,2024-10-16,2024-10-20,2018,Debit,312.5,0.92,287.5,312.5
1393,1004,2024-10-23,2024-10-27,2008,Debit,275.77,0.92,253.71,275.77
1394,1074,2024-05-19,2024-05-20,2002,Credit,66.49,1.08,71.81,66.49
1395,1028,2024-05-26,2024-05-30,2006,Credit,172.7,1.01,174.43,172.7
1396,1018,2024-04-07,2024-04-08,2001,Credit,309.61,0.92,284.84,309.61
1397,1024,2024-05-20,2024-05-22,2006,Credit,330.73,0.94,310.89,330.73
1398,1093,2024-03-13,2024-03-17,2013,Debit,121.65,0.95,115.57,121.65
1399,1081,2024-09-07,2024-09-11,2019,Debit,328.88,1.04,342.04,328.88
1400,1021,2024-12-19,2024-12-21,2012,Credit,241.73,1.07,258.65,241.73
1401,1051,2024-08-09,2024-08-11,2011,Debit,281.53,0.97,273.08,281.53
1402,1072,2024-03-09,2024-03-10,2007,Credit,203.87,1.0,203.87,203.87
1403,1041,2024-01-29,2024-02-02,2018,Debit,314.65,0.98,308.36,314.65
1404,1039,2024-07-31,2024-08-02,2008,Credit,495.93,0.98,486.01,495.93
1405,1088,2024-07-02,2024-07-05,2004,Debit,75.9,0.99,75.14,75.9
1406,1062,2024-08-26,2024-08-29,2016,Debit,409.15,0.92,376.42,409.15
1407,1064,2024-08-25,2024-08-27,2010,Debit,180.09,0.97,174.69,180.09
1408,1097,2024-09-17,2024-09-18,2002,Credit,30.08,1.06,31.88,30.08
1409,1042,2024-09-09,2024-09-10,2018,Debit,106.84,0.9,96.16,106.84
1410,1099,2024-02-20,2024-02-23,2003,Debit,434.13,0.95,412.42,434.13
1411,1009,2024-10-09,2024-10-12,2010,Credit,319.18,0.96,306.41,319.18
1412,1061,2024-05-26,2024-05-29,2005,Debit,360.64,1.03,371.46,360.64
1413,1063,2024-09-25,2024-09-26,2008,Debit,131.53,1.03,135.48,131.53
1414,1008,2024-11-17,2024-11-18,2013,Credit,341.42,0.93,317.52,341.42
1415,1058,2024-01-26,2024-01-27,2002,Credit,418.03,0.96,401.31,418.03
1416,1065,2024-04-21,2024-04-23,2011,Debit,71.32,1.08,77.03,71.32
1417,1023,2024-03-04,2024-03-05,2005,Debit,266.9,0.98,261.56,266.9
1418,1077,2024-01-13,2024-01-14,2007,Credit,405.32,1.09,441.8,405.32
1419,1057,2024-08-25,2024-08-26,2007,Credit,39.55,1.02,40.34,39.55
1420,1026,2024-08-08,2024-08-09,2006,Debit,282.83,0.93,263.03,282.83
1421,1089,2024-06-25,2024-06-26,2016,Debit,389.43,0.93,362.17,389.43
1422,1084,2024-04-15,2024-04-16,2019,Debit,408.15,1.0,408.15,408.15
1423,1016,2024-04-16,2024-04-17,2013,Credit,33.96,0.99,33.62,33.96
1424,1085,2024-11-28,2024-12-01,2018,Debit,91.62,1.08,98.95,91.62
1425,1025,2024-06-24,2024-06-27,2007,Debit,88.41,1.1,97.25,88.41
1426,1017,2024-04-08,2024-04-09,2018,Debit,77.38,1.09,84.34,77.38
1427,1033,2024-03-20,2024-03-24,2008,Debit,71.91,1.01,72.63,71.91
1428,1032,2024-05-29,2024-05-31,2017,Credit,198.53,1.08,214.41,198.53
1429,1018,2024-08-14,2024-08-17,2012,Credit,243.69,0.96,233.94,243.69
1430,1092,2024-09-11,2024-09-15,2019,Credit,253.29,1.07,271.02,253.29
1431,1091,2024-07-09,2024-07-11,2003,Debit,356.21,1.0,356.21,356.21
1432,1009,2024-08-12,2024-08-16,2010,Credit,329.34,1.0,329.34,329.34
1433,1049,2024-12-04,2024-12-08,2009,Debit,209.47,0.94,196.9,209.47
1434,1095,2024-12-06,2024-12-09,2017,Credit,389.46,0.95,369.99,389.46
1435,1062,2024-06-09,2024-06-13,2016,Credit,458.47,0.91,417.21,458.47
1436,1049,2024-11-21,2024-11-25,2004,Credit,260.0,1.04,270.4,260.0
1437,1074,2024-05-18,2024-05-19,2006,Credit,93.2,0.92,85.74,93.2
1438,1025,2024-03-05,2024-03-06,2014,Debit,249.59,1.02,254.58,249.59
1439,1049,2024-01-02,2024-01-05,2005,Debit,349.86,0.93,325.37,349.86
1440,1060,2024-02-07,2024-02-10,2003,Debit,486.0,1.05,510.3,486.0
1441,1065,2024-02-04,2024-02-06,2004,Debit,128.57,0.96,123.43,128.57
1442,1028,2024-05-04,2024-05-07,2011,Credit,28.97,1.0,28.97,28.97
1443,1076,2024-09-08,2024-09-12,2005,Credit,220.18,1.09,240.0,220.18
1444,1083,2024-07-10,2024-07-14,2012,Credit,365.39,1.05,383.66,365.39
1445,1082,2024-08-02,2024-08-05,2016,Debit,488.3,1.09,532.25,488.3
1446,1029,2024-03-10,2024-03-11,2009,Credit,357.49,1.03,368.21,357.49
1447,1012,2024-07-06,2024-07-07,2007,Debit,311.15,0.99,308.04,311.15
1448,1036,2024-11-10,2024-11-12,2007,Debit,107.35,1.07,114.86,107.35
1449,1057,2024-12-12,2024-12-13,2015,Debit,287.92,0.96,276.4,287.92
1450,1069,2024-02-25,2024-02-26,2005,Debit,341.96,0.95,324.86,341.96
1451,1075,2024-05-20,2024-05-21,2010,Credit,334.87,1.07,358.31,334.87
1452,1090,2024-02-23,2024-02-25,2019,Credit,273.3,1.06,289.7,273.3
1453,1030,2024-02-06,2024-02-07,2015,Credit,487.94,0.97,473.3,487.94
1454,1047,2024-04-07,2024-04-10,2014,Credit,474.01,1.09,516.67,474.01
1455,1040,2024-04-30,2024-05-03,2009,Credit,88.65,0.98,86.88,88.65
1456,1003,2024-06-23,2024-06-26,2003,Debit,185.0,1.0,185.0,185.0
1457,1007,2024-06-05,2024-06-08,2017,Credit,389.4,1.09,424.45,389.4
1458,1004,2024-02-09,2024-02-12,2013,Credit,138.0,0.98,135.24,138.0
1459,1013,2024-09-21,2024-09-24,2002,Debit,340.59,0.92,313.34,340.59
1460,1054,2024-05-06,2024-05-10,2013,Credit,387.96,0.99,384.08,387.96
1461,1090,2024-03-03,2024-03-07,2018,Debit,385.43,1.08,416.26,385.43
1462,1011,2024-08-15,2024-08-17,2002,Credit,78.44,0.93,72.95,78.44
1463,1043,2024-02-22,2024-02-25,2016,Credit,269.32,1.05,282.79,269.32
1464,1027,2024-06-13,2024-06-14,2019,Debit,15.47,0.94,14.54,15.47
1465,1065,2024-07-10,2024-07-13,2017,Credit,48.8,0.96,46.85,48.8
1466,1078,2024-09-28,2024-10-02,2018,Debit,369.03,1.0,369.03,369.03
1467,1058,2024-05-16,2024-05-19,2020,Credit,268.11,1.01,270.79,268.11
1468,1054,2024-12-13,2024-12-17,2006,Debit,365.39,0.94,343.47,365.39
1469,1072,2024-10-14,2024-10-15,2004,Debit,493.25,0.96,473.52,493.25
1470,1098,2024-04-06,2024-04-09,2019,Debit,206.74,1.0,206.74,206.74
1471,1095,2024-11-16,2024-11-17,2012,Debit,134.44,0.94,126.37,134.44
1472,1045,2024-08-14,2024-08-18,2005,Credit,171.04,0.96,164.2,171.04
1473,1028,2024-10-15,2024-10-18,2002,Credit,289.74,0.94,272.36,289.74
1474,1094,2024-03-16,2024-03-17,2017,Credit,179.87,0.92,165.48,179.87
1475,1013,2024-02-26,2024-02-27,2014,Debit,298.6,1.04,310.54,298.6
1476,1003,2024-06-16,2024-06-20,2001,Debit,489.58,1.02,499.37,489.58
1477,1078,2024-10-04,2024-10-08,2019,Debit,26.15,0.94,24.58,26.15
1478,1091,2024-05-25,2024-05-27,2004,Debit,351.12,1.02,358.14,351.12
1479,1066,2024-01-19,2024-01-22,2006,Credit,110.68,1.0,110.68,110.68
1480,1026,2024-04-11,2024-04-12,2019,Debit,270.09,0.97,261.99,270.09
1481,1008,2024-11-29,2024-12-02,2003,Credit,262.9,0.96,252.38,262.9
1482,1013,2024-10-06,2024-10-09,2018,Debit,127.59,1.01,128.87,127.59
1483,1002,2024-02-16,2024-02-18,2008,Debit,72.05,0.91,65.57,72.05
1484,1069,2024-08-28,2024-08-31,2007,Credit,441.2,0.95,419.14,441.2
1485,1098,2024-12-22,2024-12-23,2004,Debit,279.02,1.07,298.55,279.02
1486,1013,2024-06-13,2024-06-14,2019,Credit,156.53,0.99,154.96,156.53
1487,1006,2024-09-11,2024-09-15,2009,Debit,371.29,0.99,367.58,371.29
1488,1025,2024-09-27,2024-10-01,2016,Debit,42.83,0.96,41.12,42.83
1489,1061,2024-06-23,2024-06-24,2020,Credit,365.15,1.08,394.36,365.15
1490,1028,2024-11-20,2024-11-22,2004,Credit,38.72,0.95,36.78,38.72
1491,1064,2024-11-26,2024-11-30,2014,Credit,296.62,0.98,290.69,296.62
1492,1022,2024-09-22,2024-09-26,2005,Credit,388.1,0.96,372.58,388.1
1493,1093,2024-11-24,2024-11-26,2005,Credit,195.61,1.04,203.43,195.61
1494,1006,2024-06-17,2024-06-18,2004,Credit,138.22,1.01,139.6,138.22
1495,1001,2024-02-02,2024-02-06,2015,Debit,67.48,1.05,70.85,67.48
1496,1020,2024-02-04,2024-02-08,2004,Credit,148.02,0.93,137.66,148.02
1497,1078,2024-01-16,2024-01-19,2008,Credit,220.1,0.92,202.49,220.1
1498,1062,2024-02-12,2024-02-14,2019,Credit,205.97,1.02,210.09,205.97
1499,1086,2024-10-05,2024-10-08,2002,Credit,444.28,0.9,399.85,444.28
1500,1100,2024-02-03,2024-02-06,2020,Credit,372.64,1.0,372.64,372.64
1501,1097,2024-01-21,2024-01-24,2011,Debit,339.71,1.06,360.09,339.71
1502,1093,2024-03-10,2024-03-12,2001,Debit,427.97,0.97,415.13,427.97
1503,1002,2024-06-04,2024-06-08,2016,Debit,211.7,0.94,199.0,211.7
1504,1070,2024-01-12,2024-01-13,2011,Credit,498.96,1.02,508.94,498.96
1505,1020,2024-02-18,2024-02-19,2003,Credit,473.23,1.02,482.69,473.23
1506,1052,2024-09-19,2024-09-21,2002,Debit,143.45,1.09,156.36,143.45
1507,1060,2024-06-11,2024-06-12,2012,Debit,61.56,1.0,61.56,61.56
1508,1002,2024-06-11,2024-06-13,2018,Debit,88.08,0.96,84.56,88.08
1509,1087,2024-07-22,2024-07-25,2002,Credit,437.47,0.93,406.85,437.47
1510,1050,2024-01-03,2024-01-05,2004,Credit,300.46,1.02,306.47,300.46
1511,1072,2024-12-25,2024-12-26,2003,Credit,153.68,0.94,144.46,153.68
1512,1067,2024-05-04,2024-05-08,2020,Debit,373.59,1.02,381.06,373.59
1513,1016,2024-09-21,2024-09-22,2005,Debit,199.29,0.93,185.34,199.29
1514,1045,2024-05-05,2024-05-07,2019,Credit,377.96,0.92,347.72,377.96
1515,1072,2024-12-19,2024-12-20,2012,Credit,95.49,0.92,87.85,95.49
1516,1023,2024-03-02,2024-03-03,2003,Debit,245.98,0.92,226.3,245.98
1517,1050,2024-05-29,2024-05-31,2014,Debit,148.67,1.03,153.13,148.67
1518,1094,2024-08-07,2024-08-10,2019,Debit,78.2,0.95,74.29,78.2
1519,1019,2024-04-07,2024-04-08,2011,Credit,41.42,0.98,40.59,41.42
1520,1077,2024-10-19,2024-10-23,2014,Debit,283.49,1.06,300.5,283.49
1521,1019,2024-12-08,2024-12-09,2018,Credit,94.95,0.91,86.4,94.95
1522,1062,2024-05-30,2024-06-01,2005,Credit,433.75,0.94,407.72,433.75
1523,1051,2024-10-07,2024-10-08,2010,Credit,64.12,0.95,60.91,64.12
1524,1007,2024-01-04,2024-01-05,2016,Credit,47.74,0.95,45.35,47.74
1525,1011,2024-12-23,2024-12-25,2007,Credit,396.69,1.02,404.62,396.69
1526,1001,2024-07-06,2024-07-07,2004,Debit,183.6,1.03,189.11,183.6
1527,1096,2024-06-02,2024-06-03,2012,Credit,180.35,0.94,169.53,180.35
1528,1026,2024-12-02,2024-12-05,2007,Credit,198.94,1.07,212.87,198.94
1529,1071,2024-08-09,2024-08-11,2017,Credit,206.46,1.01,208.52,206.46
1530,1024,2024-08-05,2024-08-07,2011,Debit,119.75,0.93,111.37,119.75
1531,1086,2024-10-30,2024-11-03,2019,Debit,181.28,1.01,183.09,181.28
1532,1007,2024-03-19,2024-03-20,2011,Credit,13.82,1.06,14.65,13.82
1533,1018,2024-02-14,2024-02-16,2010,Debit,339.41,0.99,336.02,339.41
1534,1044,2024-11-21,2024-11-24,2006,Credit,474.55,0.95,450.82,474.55
1535,1039,2024-10-03,2024-10-05,2008,Debit,270.27,1.03,278.38,270.27
1536,1024,2024-09-07,2024-09-11,2005,Debit,116.26,0.97,112.77,116.26
1537,1016,2024-07-24,2024-07-26,2014,Debit,157.25,0.96,150.96,157.25
1538,1012,2024-12-23,2024-12-24,2014,Debit,403.38,1.0,403.38,403.38
1539,1053,2024-06-27,2024-06-29,2003,Credit,211.08,1.07,225.86,211.08
1540,1014,2024-03-19,2024-03-21,2010,Debit,232.68,1.01,235.01,232.68
1541,1050,2024-05-28,2024-06-01,2017,Debit,128.55,1.05,134.98,128.55
1542,1056,2024-12-15,2024-12-18,2008,Credit,249.84,1.09,272.33,249.84
1543,1025,2024-07-21,2024-07-25,2006,Debit,292.12,0.93,271.67,292.12
1544,1068,2024-02-16,2024-02-18,2014,Credit,21.37,1.06,22.65,21.37
1545,1072,2024-12-06,2024-12-09,2017,Debit,109.49,0.91,99.64,109.49
1546,1037,2024-12-02,2024-12-04,2005,Credit,427.31,1.08,461.49,427.31
1547,1068,2024-03-23,2024-03-26,2001,Credit,336.13,1.08,363.02,336.13
1548,1045,2024-02-17,2024-02-19,2007,Debit,339.81,1.05,356.8,339.81
1549,1096,2024-08-30,2024-09-02,2014,Credit,436.41,1.07,466.96,436.41
1550,1027,2024-07-18,2024-07-20,2004,Debit,377.93,1.1,415.72,377.93
1551,1041,2024-06-11,2024-06-13,2003,Debit,231.5,1.0,231.5,231.5
1552,1021,2024-11-24,2024-11-26,2017,Credit,188.69,0.96,181.14,188.69
1553,1029,2024-03-06,2024-03-10,2010,Credit,114.89,1.01,116.04,114.89
1554,1082,2024-01-17,2024-01-20,2010,Debit,283.34,1.05,297.51,283.34
1555,1044,2024-06-05,2024-06-06,2013,Debit,257.89,0.95,245.0,257.89
1556,1008,2024-03-10,2024-03-13,2017,Debit,15.46,1.02,15.77,15.46
1557,1016,2024-12-05,2024-12-06,2003,Debit,292.4,0.97,283.63,292.4
1558,1012,2024-09-30,2024-10-01,2011,Credit,264.81,0.97,256.87,264.81
1559,1090,2024-05-19,2024-05-21,2006,Debit,288.41,1.08,311.48,288.41
1560,1017,2024-03-11,2024-03-12,2003,Credit,444.41,0.92,408.86,444.41
1561,1009,2024-04-15,2024-04-17,2014,Credit,463.45,0.96,444.91,463.45
1562,1086,2024-08-10,2024-08-14,2013,Credit,247.74,1.01,250.22,247.74
1563,1088,2024-10-29,2024-10-30,2019,Debit,400.08,0.91,364.07,400.08
1564,1047,2024-04-18,2024-04-22,2011,Debit,313.28,0.98,307.01,313.28
1565,1085,2024-08-31,2024-09-03,2006,Credit,12.21,1.05,12.82,12.21
1566,1086,2024-08-25,2024-08-28,2011,Credit,258.14,0.98,252.98,258.14
1567,1087,2024-10-07,2024-10-10,2020,Debit,321.9,1.0,321.9,321.9
1568,1076,2024-10-21,2024-10-23,2004,Debit,402.2,1.0,402.2,402.2
1569,1074,2024-01-17,2024-01-19,2012,Credit,258.13,1.0,258.13,258.13
1570,1039,2024-03-02,2024-03-04,2012,Debit,36.45,0.96,34.99,36.45
1571,1048,2024-10-23,2024-10-24,2018,Credit,343.19,1.02,350.05,343.19
1572,1017,2024-09-06,2024-09-07,2012,Credit,198.45,1.04,206.39,198.45
1573,1083,2024-08-02,2024-08-03,2008,Debit,302.11,0.99,299.09,302.11
1574,1070,2024-10-24,2024-10-25,2017,Credit,288.61,0.93,268.41,288.61
1575,1037,2024-04-07,2024-04-09,2004,Credit,331.72,1.05,348.31,331.72
1576,1082,2024-12-24,2024-12-27,2013,Credit,240.34,0.9,216.31,240.34
1577,1100,2024-06-19,2024-06-21,2010,Credit,400.82,0.99,396.81,400.82
1578,1023,2024-05-18,2024-05-22,2011,Debit,136.68,1.05,143.51,136.68
1579,1020,2024-01-09,2024-01-10,2018,Credit,309.95,1.03,319.25,309.95
1580,1061,2024-11-08,2024-11-10,2020,Credit,389.76,1.03,401.45,389.76
1581,1044,2024-04-08,2024-04-12,2015,Debit,467.21,0.97,453.19,467.21
1582,1004,2024-08-16,2024-08-20,2011,Debit,230.34,0.99,228.04,230.34
1583,1076,2024-07-07,2024-07-08,2003,Debit,97.69,1.04,101.6,97.69
1584,1047,2024-12-13,2024-12-14,2017,Credit,237.43,0.94,223.18,237.43
1585,1050,2024-02-10,2024-02-14,2016,Debit,388.79,0.93,361.57,388.79
1586,1086,2024-04-28,2024-05-01,2002,Credit,164.81,0.91,149.98,164.81
1587,1068,2024-04-03,2024-04-04,2012,Credit,320.19,1.1,352.21,320.19
1588,1023,2024-08-02,2024-08-05,2020,Credit,326.54,0.98,320.01,326.54
1589,1001,2024-11-23,2024-11-25,2019,Credit,340.57,1.01,343.98,340.57
1590,1016,2024-05-06,2024-05-09,2009,Credit,449.14,1.09,489.56,449.14
1591,1074,2024-02-12,2024-02-14,2004,Debit,130.62,1.04,135.84,130.62
1592,1053,2024-10-16,2024-10-19,2014,Debit,176.48,1.03,181.77,176.48
1593,1069,2024-01-16,2024-01-17,2013,Debit,297.45,1.02,303.4,297.45
1594,1076,2024-04-24,2024-04-25,2014,Credit,461.93,1.09,503.5,461.93
1595,1062,2024-07-31,2024-08-03,2005,Debit,133.75,1.1,147.12,133.75
1596,1063,2024-06-23,2024-06-25,2011,Debit,298.84,1.01,301.83,298.84
1597,1074,2024-09-22,2024-09-24,2010,Debit,353.89,1.09,385.74,353.89
1598,1092,2024-03-26,2024-03-30,2020,Credit,341.96,1.01,345.38,341.96
1599,1086,2024-05-14,2024-05-15,2017,Debit,153.95,1.04,160.11,153.95
1600,1074,2024-04-18,2024-04-20,2014,Debit,377.65,1.04,392.76,377.65
1601,1082,2024-04-08,2024-04-12,2011,Credit,284.98,1.09,310.63,284.98
1602,1096,2024-05-20,2024-05-21,2015,Debit,277.86,1.01,280.64,277.86
1603,1014,2024-03-18,2024-03-19,2008,Credit,411.93,0.99,407.81,411.93
1604,1079,2024-08-05,2024-08-08,2011,Credit,121.98,1.1,134.18,121.98
1605,1036,2024-12-18,2024-12-19,2016,Debit,18.41,0.92,16.94,18.41
1606,1058,2024-04-05,2024-04-09,2006,Debit,361.95,1.03,372.81,361.95
1607,1036,2024-05-08,2024-05-10,2011,Debit,208.35,0.96,200.02,208.35
1608,1085,2024-04-06,2024-04-07,2014,Credit,353.06,0.93,328.35,353.06
1609,1076,2024-11-28,2024-11-30,2010,Credit,265.42,0.95,252.15,265.42
1610,1089,2024-04-25,2024-04-26,2004,Credit,261.07,0.96,250.63,261.07
1611,1069,2024-03-14,2024-03-16,2007,Debit,381.74,0.92,351.2,381.74
1612,1019,2024-11-07,2024-11-08,2012,Credit,265.31,0.94,249.39,265.31
1613,1084,2024-12-04,2024-12-06,2017,Debit,153.72,0.97,149.11,153.72
1614,1030,2024-09-08,2024-09-11,2006,Credit,60.59,1.07,64.83,60.59
1615,1049,2024-07-01,2024-07-02,2010,Debit,181.37,1.01,183.18,181.37
1616,1031,2024-07-06,2024-07-10,2009,Debit,145.88,1.08,157.55,145.88
1617,1001,2024-08-31,2024-09-01,2018,Debit,288.14,0.97,279.5,288.14
1618,1001,2024-05-08,2024-05-09,2013,Credit,375.22,0.92,345.2,375.22
1619,1089,2024-11-14,2024-11-16,2017,Debit,122.81,1.01,124.04,122.81
1620,1070,2024-12-10,2024-12-12,2006,Debit,87.27,1.06,92.51,87.27
1621,1021,2024-12-18,2024-12-22,2009,Credit,338.19,0.9,304.37,338.19
1622,1099,2024-03-11,2024-03-12,2002,Credit,245.87,0.97,238.49,245.87
1623,1062,2024-07-13,2024-07-15,2010,Debit,336.27,0.92,309.37,336.27
1624,1023,2024-08-31,2024-09-01,2012,Credit,315.23,1.03,324.69,315.23
1625,1077,2024-08-21,2024-08-25,2016,Debit,448.45,1.01,452.93,448.45
1626,1060,2024-02-16,2024-02-18,2020,Credit,334.59,1.01,337.94,334.59
1627,1080,2024-05-12,2024-05-16,2003,Credit,456.28,0.92,419.78,456.28
1628,1023,2024-09-10,2024-09-12,2003,Credit,109.62,0.95,104.14,109.62
1629,1074,2024-07-12,2024-07-15,2002,Credit,387.9,0.91,352.99,387.9
1630,1026,2024-08-15,2024-08-17,2003,Debit,312.26,1.04,324.75,312.26
1631,1045,2024-06-22,2024-06-25,2007,Credit,492.44,1.1,541.68,492.44
1632,1058,2024-07-08,2024-07-11,2005,Debit,437.41,0.97,424.29,437.41
1633,1084,2024-04-13,2024-04-16,2007,Debit,321.92,0.92,296.17,321.92
1634,1033,2024-01-29,2024-01-30,2013,Debit,37.04,1.07,39.63,37.04
1635,1017,2024-04-30,2024-05-03,2013,Credit,65.86,1.04,68.49,65.86
1636,1097,2024-02-19,2024-02-23,2012,Credit,184.39,0.97,178.86,184.39
1637,1050,2024-08-26,2024-08-30,2006,Credit,90.23,0.96,86.62,90.23
1638,1033,2024-02-13,2024-02-15,2005,Credit,28.97,0.92,26.65,28.97
1639,1041,2024-02-23,2024-02-27,2010,Debit,270.43,1.09,294.77,270.43
1640,1022,2024-04-08,2024-04-12,2014,Debit,468.84,0.94,440.71,468.84
1641,1018,2024-07-30,2024-08-03,2012,Debit,252.35,0.93,234.69,252.35
1642,1035,2024-12-23,2024-12-27,2019,Credit,123.15,0.96,118.22,123.15
1643,1001,2024-08-18,2024-08-20,2010,Debit,205.4,0.95,195.13,205.4
1644,1050,2024-03-20,2024-03-23,2003,Debit,423.74,1.09,461.88,423.74
1645,1080,2024-11-14,2024-11-15,2014,Debit,306.81,1.03,316.01,306.81
1646,1093,2024-02-11,2024-02-14,2001,Debit,48.59,1.06,51.51,48.59
1647,1081,2024-12-05,2024-12-09,2010,Debit,289.28,0.91,263.24,289.28
1648,1026,2024-01-08,2024-01-11,2014,Credit,281.54,0.95,267.46,281.54
1649,1076,2024-12-24,2024-12-28,2004,Credit,174.88,1.01,176.63,174.88
1650,1071,2024-07-29,2024-07-30,2004,Credit,302.89,1.09,330.15,302.89
1651,1028,2024-01-28,2024-01-29,2005,Debit,489.43,1.09,533.48,489.43
1652,1087,2024-02-20,2024-02-21,2018,Credit,26.87,1.03,27.68,26.87
1653,1025,2024-01-23,2024-01-25,2003,Credit,461.73,0.9,415.56,461.73
1654,1092,2024-10-01,2024-10-03,2014,Credit,349.1,1.02,356.08,349.1
1655,1094,2024-07-16,2024-07-20,2003,Debit,97.57,1.04,101.47,97.57
1656,1097,2024-03-18,2024-03-21,2011,Credit,216.39,0.94,203.41,216.39
1657,1029,2024-10-18,2024-10-19,2013,Debit,349.62,0.94,328.64,349.62
1658,1089,2024-06-17,2024-06-20,2003,Debit,20.09,1.06,21.3,20.09
1659,1076,2024-04-07,2024-04-11,2007,Debit,172.7,1.07,184.79,172.7
1660,1062,2024-07-09,2024-07-12,2010,Debit,490.7,0.95,466.16,490.7
1661,1062,2024-09-21,2024-09-25,2014,Debit,443.61,0.96,425.87,443.61
1662,1007,2024-07-03,2024-07-05,2012,Debit,148.14,1.09,161.47,148.14
1663,1026,2024-06-17,2024-06-21,2003,Credit,207.51,0.93,192.98,207.51
1664,1073,2024-11-28,2024-12-02,2016,Debit,12.67,1.04,13.18,12.67
1665,1044,2024-03-11,2024-03-14,2009,Credit,35.27,1.05,37.03,35.27
1666,1036,2024-05-07,2024-05-11,2019,Credit,120.41,1.08,130.04,120.41
1667,1041,2024-09-13,2024-09-16,2010,Credit,54.18,1.05,56.89,54.18
1668,1064,2024-05-15,2024-05-17,2010,Debit,148.2,1.02,151.16,148.2
1669,1001,2024-12-10,2024-12-13,2015,Debit,52.75,1.08,56.97,52.75
1670,1053,2024-03-16,2024-03-17,2020,Debit,277.17,1.05,291.03,277.17
1671,1067,2024-11-21,2024-11-25,2020,Debit,386.26,0.96,370.81,386.26
1672,1016,2024-10-06,2024-10-09,2017,Credit,254.88,1.09,277.82,254.88
1673,1021,2024-11-09,2024-11-13,2002,Credit,168.83,1.01,170.52,168.83
1674,1087,2024-03-20,2024-03-21,2004,Credit,49.98,0.98,48.98,49.98
1675,1061,2024-08-02,2024-08-05,2016,Debit,394.25,0.97,382.42,394.25
1676,1054,2024-04-05,2024-04-09,2008,Debit,199.89,1.07,213.88,199.89
1677,1017,2024-02-12,2024-02-15,2010,Credit,441.41,1.09,481.14,441.41
1678,1002,2024-04-13,2024-04-16,2005,Credit,452.79,1.08,489.01,452.79
1679,1004,2024-08-29,2024-09-02,2007,Credit,397.86,1.02,405.82,397.86
1680,1034,2024-12-20,2024-12-21,2007,Debit,382.45,1.1,420.7,382.45
1681,1086,2024-08-18,2024-08-20,2002,Credit,294.36,1.03,303.19,294.36
1682,1080,2024-08-02,2024-08-03,2014,Credit,89.41,0.96,85.83,89.41
1683,1097,2024-06-22,2024-06-26,2002,Credit,379.82,1.02,387.42,379.82
1684,1005,2024-05-22,2024-05-25,2017,Debit,136.04,1.08,146.92,136.04
1685,1041,2024-08-17,2024-08-18,2020,Debit,270.66,1.06,286.9,270.66
1686,1082,2024-02-22,2024-02-23,2019,Credit,467.15,1.04,485.84,467.15
1687,1057,2024-06-21,2024-06-22,2014,Debit,143.15,0.98,140.29,143.15
1688,1021,2024-01-13,2024-01-16,2018,Credit,276.78,1.07,296.15,276.78
1689,1083,2024-06-08,2024-06-11,2003,Debit,377.53,1.04,392.63,377.53
1690,1019,2024-02-27,2024-03-01,2018,Debit,209.07,1.07,223.7,209.07
1691,1084,2024-01-11,2024-01-13,2005,Credit,239.38,0.9,215.44,239.38
1692,1087,2024-03-23,2024-03-27,2008,Debit,281.48,0.93,261.78,281.48
1693,1039,2024-07-31,2024-08-04,2012,Credit,101.71,1.09,110.86,101.71
1694,1090,2024-07-11,2024-07-15,2017,Credit,328.08,0.92,301.83,328.08
1695,1071,2024-01-02,2024-01-03,2012,Debit,55.69,0.95,52.91,55.69
1696,1033,2024-01-02,2024-01-05,2006,Debit,231.29,0.97,224.35,231.29
1697,1061,2024-03-31,2024-04-01,2013,Credit,237.59,0.93,220.96,237.59
1698,1063,2024-01-19,2024-01-21,2007,Debit,422.44,1.02,430.89,422.44
1699,1052,2024-04-25,2024-04-29,2018,Debit,329.4,1.03,339.28,329.4
1700,1049,2024-06-18,2024-06-19,2015,Credit,291.12,0.98,285.3,291.12
1701,1009,2024-04-25,2024-04-29,2005,Debit,287.23,1.07,307.34,287.23
1702,1019,2024-04-03,2024-04-05,2007,Debit,412.59,0.96,396.09,412.59
1703,1022,2024-10-29,2024-11-02,2018,Credit,407.62,1.09,444.31,407.62
1704,1009,2024-06-29,2024-07-01,2017,Credit,28.21,1.09,30.75,28.21
1705,1054,2024-06-19,2024-06-21,2015,Debit,363.27,0.92,334.21,363.27
1706,1087,2024-11-18,2024-11-19,2014,Debit,272.21,0.91,247.71,272.21
1707,1097,2024-05-02,2024-05-06,2004,Credit,475.81,0.99,471.05,475.81
1708,1029,2024-05-17,2024-05-21,2012,Credit,251.57,0.92,231.44,251.57
1709,1020,2024-09-02,2024-09-04,2020,Credit,376.85,1.09,410.77,376.85
1710,1057,2024-02-16,2024-02-19,2015,Credit,177.58,0.91,161.6,177.58
1711,1099,2024-09-02,2024-09-03,2006,Debit,102.86,1.03,105.95,102.86
1712,1002,2024-06-27,2024-06-29,2003,Debit,154.32,0.97,149.69,154.32
1713,1041,2024-08-21,2024-08-23,2017,Credit,492.43,0.92,453.04,492.43
1714,1037,2024-03-16,2024-03-18,2013,Debit,76.75,0.92,70.61,76.75
1715,1033,2024-05-04,2024-05-06,2019,Debit,270.03,0.97,261.93,270.03
1716,1064,2024-06-01,2024-06-03,2018,Credit,180.07,0.91,163.86,180.07
1717,1023,2024-04-03,2024-04-04,2010,Debit,227.79,0.93,211.84,227.79
1718,1099,2024-09-17,2024-09-18,2014,Credit,389.46,1.09,424.51,389.46
1719,1051,2024-07-06,2024-07-07,2018,Credit,270.13,0.97,262.03,270.13
1720,1001,2024-03-28,2024-04-01,2019,Debit,197.42,0.95,187.55,197.42
1721,1083,2024-03-23,2024-03-26,2005,Credit,480.64,1.01,485.45,480.64
1722,1002,2024-12-21,2024-12-24,2017,Debit,75.51,1.09,82.31,75.51
1723,1060,2024-01-20,2024-01-21,2012,Debit,170.52,1.02,173.93,170.52
1724,1034,2024-11-01,2024-11-05,2013,Debit,74.15,1.02,75.63,74.15
1725,1084,2024-09-26,2024-09-29,2008,Debit,402.8,1.01,406.83,402.8
1726,1093,2024-08-11,2024-08-13,2019,Debit,270.82,1.01,273.53,270.82
1727,1062,2024-01-05,2024-01-07,2004,Debit,258.02,0.93,239.96,258.02
1728,1045,2024-03-16,2024-03-20,2006,Credit,122.58,0.99,121.35,122.58
1729,1058,2024-03-03,2024-03-07,2009,Credit,220.35,0.97,213.74,220.35
1730,1045,2024-12-30,2025-01-02,2005,Debit,206.11,1.07,220.54,206.11
1731,1074,2024-10-13,2024-10-17,2016,Credit,294.59,1.09,321.1,294.59
1732,1021,2024-11-09,2024-11-13,2010,Credit,131.11,1.08,141.6,131.11
1733,1062,2024-12-13,2024-12-17,2002,Credit,58.89,1.04,61.25,58.89
1734,1071,2024-08-03,2024-08-04,2002,Credit,116.64,0.97,113.14,116.64
1735,1008,2024-02-20,2024-02-23,2007,Debit,402.07,1.06,426.19,402.07
1736,1029,2024-03-17,2024-03-19,2008,Debit,498.26,1.1,548.09,498.26
1737,1021,2024-12-15,2024-12-16,2007,Debit,93.42,1.09,101.83,93.42
1738,1040,2024-05-02,2024-05-05,2010,Debit,276.04,0.96,265.0,276.04
1739,1006,2024-06-10,2024-06-11,2006,Debit,292.51,0.9,263.26,292.51
1740,1026,2024-07-02,2024-07-05,2006,Credit,243.12,0.96,233.4,243.12
1741,1004,2024-12-01,2024-12-05,2012,Debit,344.94,1.08,372.54,344.94
1742,1094,2024-09-01,2024-09-05,2007,Credit,214.27,0.93,199.27,214.27
1743,1052,2024-07-30,2024-08-02,2011,Credit,80.92,1.05,84.97,80.92
1744,1076,2024-09-01,2024-09-05,2006,Debit,278.83,1.05,292.77,278.83
1745,1036,2024-05-12,2024-05-13,2003,Debit,194.5,0.93,180.89,194.5
1746,1083,2024-11-25,2024-11-26,2013,Debit,152.32,1.05,159.94,152.32
1747,1076,2024-10-31,2024-11-04,2017,Credit,288.19,1.06,305.48,288.19
1748,1001,2024-10-26,2024-10-30,2015,Credit,308.99,1.05,324.44,308.99
1749,1013,2024-03-04,2024-03-06,2018,Debit,112.29,1.08,121.27,112.29
1750,1070,2024-10-25,2024-10-28,2007,Credit,263.92,1.02,269.2,263.92
1751,1063,2024-03-06,2024-03-07,2010,Debit,84.27,1.01,85.11,84.27
1752,1060,2024-04-05,2024-04-09,2018,Credit,373.08,1.04,388.0,373.08
1753,1071,2024-06-03,2024-06-05,2015,Credit,482.02,0.98,472.38,482.02
1754,1042,2024-01-06,2024-01-07,2017,Credit,350.31,0.99,346.81,350.31
1755,1076,2024-02-18,2024-02-21,2002,Debit,238.75,1.07,255.46,238.75
1756,1041,2024-10-16,2024-10-19,2004,Credit,29.12,1.03,29.99,29.12
1757,1085,2024-01-13,2024-01-17,2018,Credit,206.05,1.1,226.66,206.05
1758,1037,2024-07-05,2024-07-06,2005,Credit,392.5,0.93,365.02,392.5
1759,1078,2024-05-14,2024-05-17,2011,Debit,293.92,0.93,273.35,293.92
1760,1053,2024-06-28,2024-07-01,2002,Debit,260.22,0.95,247.21,260.22
1761,1095,2024-02-20,2024-02-23,2004,Credit,191.39,0.96,183.73,191.39
1762,1042,2024-09-14,2024-09-15,2020,Debit,279.84,0.95,265.85,279.84
1763,1003,2024-03-28,2024-03-30,2003,Credit,11.76,1.02,12.0,11.76
1764,1093,2024-05-27,2024-05-30,2012,Debit,234.2,1.08,252.94,234.2
1765,1041,2024-05-07,2024-05-09,2016,Credit,189.6,0.97,183.91,189.6
1766,1068,2024-02-17,2024-02-18,2019,Credit,46.66,1.05,48.99,46.66
1767,1012,2024-07-02,2024-07-06,2015,Debit,72.9,0.98,71.44,72.9
1768,1024,2024-12-07,2024-12-11,2015,Debit,66.66,0.94,62.66,66.66
1769,1093,2024-07-04,2024-07-07,2006,Credit,186.99,1.04,194.47,186.99
1770,1057,2024-01-26,2024-01-27,2001,Debit,136.66,1.06,144.86,136.66
1771,1067,2024-06-15,2024-06-18,2013,Debit,31.02,1.04,32.26,31.02
1772,1029,2024-11-04,2024-11-07,2012,Debit,130.76,1.04,135.99,130.76
1773,1078,2024-09-05,2024-09-06,2005,Credit,300.39,0.95,285.37,300.39
1774,1010,2024-12-27,2024-12-31,2016,Debit,58.51,1.07,62.61,58.51
1775,1040,2024-10-28,2024-10-31,2003,Debit,238.88,1.06,253.21,238.88
1776,1058,2024-02-02,2024-02-03,2016,Credit,454.92,0.91,413.98,454.92
1777,1080,2024-02-03,2024-02-04,2019,Debit,162.62,1.02,165.87,162.62
1778,1026,2024-07-21,2024-07-22,2007,Debit,408.52,1.0,408.52,408.52
1779,1038,2024-08-08,2024-08-12,2018,Debit,341.16,0.95,324.1,341.16
1780,1060,2024-09-24,2024-09-26,2004,Debit,146.01,1.04,151.85,146.01
1781,1074,2024-02-05,2024-02-06,2008,Debit,130.02,1.09,141.72,130.02
1782,1001,2024-03-15,2024-03-18,2003,Credit,273.6,1.0,273.6,273.6
1783,1064,2024-09-23,2024-09-24,2006,Debit,255.09,1.06,270.4,255.09
1784,1075,2024-07-28,2024-07-30,2011,Credit,384.51,0.97,372.97,384.51
1785,1067,2024-11-08,2024-11-11,2015,Debit,29.72,0.95,28.23,29.72
1786,1023,2024-02-17,2024-02-20,2003,Debit,448.94,1.08,484.86,448.94
1787,1087,2024-11-23,2024-11-26,2006,Credit,476.45,0.93,443.1,476.45
1788,1047,2024-10-18,2024-10-20,2006,Debit,395.98,0.91,360.34,395.98
1789,1076,2024-07-22,2024-07-24,2003,Credit,205.24,0.97,199.08,205.24
1790,1070,2024-11-17,2024-11-20,2010,Credit,231.31,1.01,233.62,231.31
1791,1093,2024-09-16,2024-09-19,2002,Credit,332.96,1.09,362.93,332.96
1792,1011,2024-05-19,2024-05-21,2002,Debit,493.34,0.99,488.41,493.34
1793,1084,2024-09-17,2024-09-19,2015,Credit,393.71,0.93,366.15,393.71
1794,1043,2024-09-01,2024-09-04,2001,Credit,366.94,0.98,359.6,366.94
1795,1016,2024-05-23,2024-05-24,2010,Credit,428.83,1.05,450.27,428.83
1796,1047,2024-05-22,2024-05-23,2003,Debit,109.51,0.97,106.22,109.51
1797,1080,2024-08-06,2024-08-10,2007,Credit,274.79,0.92,252.81,274.79
1798,1092,2024-06-22,2024-06-25,2007,Debit,380.74,0.95,361.7,380.74
1799,1046,2024-02-01,2024-02-02,2001,Debit,258.13,0.93,240.06,258.13
1800,1084,2024-04-29,2024-04-30,2012,Debit,57.43,1.0,57.43,57.43
1801,1095,2024-02-26,2024-02-27,2017,Debit,73.16,1.07,78.28,73.16
1802,1059,2024-03-21,2024-03-23,2011,Debit,449.53,0.9,404.58,449.53
1803,1012,2024-07-21,2024-07-23,2020,Debit,467.12,0.9,420.41,467.12
1804,1096,2024-04-14,2024-04-16,2011,Credit,434.94,0.97,421.89,434.94
1805,1090,2024-04-04,2024-04-05,2007,Debit,293.71,1.04,305.46,293.71
1806,1076,2024-07-29,2024-08-02,2013,Debit,48.73,1.06,51.65,48.73
1807,1046,2024-06-20,2024-06-23,2005,Credit,465.8,1.01,470.46,465.8
1808,1056,2024-01-26,2024-01-27,2016,Debit,319.3,1.02,325.69,319.3
1809,1028,2024-07-02,2024-07-05,2014,Debit,309.8,0.96,297.41,309.8
1810,1023,2024-03-26,2024-03-27,2005,Debit,312.85,1.0,312.85,312.85
1811,1039,2024-07-23,2024-07-26,2004,Debit,88.81,0.95,84.37,88.81
1812,1087,2024-10-17,2024-10-18,2013,Debit,380.27,0.98,372.66,380.27
1813,1010,2024-09-13,2024-09-14,2016,Credit,291.73,1.08,315.07,291.73
1814,1050,2024-10-10,2024-10-11,2002,Credit,298.66,0.92,274.77,298.66
1815,1097,2024-03-25,2024-03-29,2007,Debit,50.52,1.0,50.52,50.52
1816,1031,2024-06-26,2024-06-30,2014,Debit,269.34,0.99,266.65,269.34
1817,1032,2024-01-21,2024-01-22,2004,Credit,188.96,0.98,185.18,188.96
1818,1089,2024-07-06,2024-07-07,2020,Credit,125.87,0.96,120.84,125.87
1819,1078,2024-01-10,2024-01-12,2005,Credit,284.65,1.09,310.27,284.65
1820,1090,2024-03-03,2024-03-05,2020,Credit,114.58,0.91,104.27,114.58
1821,1007,2024-05-21,2024-05-24,2013,Credit,292.69,1.0,292.69,292.69
1822,1082,2024-03-13,2024-03-17,2015,Debit,326.84,0.93,303.96,326.84
1823,1066,2024-02-19,2024-02-20,2007,Credit,431.0,1.05,452.55,431.0
1824,1048,2024-04-23,2024-04-26,2006,Debit,223.6,0.91,203.48,223.6
1825,1041,2024-08-10,2024-08-14,2001,Credit,396.96,1.05,416.81,396.96
1826,1091,2024-09-24,2024-09-25,2006,Credit,380.52,1.02,388.13,380.52
1827,1091,2024-10-28,2024-11-01,2019,Credit,233.32,1.04,242.65,233.32
1828,1039,2024-09-02,2024-09-06,2010,Credit,203.26,0.91,184.97,203.26
1829,1073,2024-01-14,2024-01-18,2007,Debit,134.6,0.99,133.25,134.6
1830,1087,2024-11-20,2024-11-23,2008,Debit,316.69,1.07,338.86,316.69
1831,1045,2024-07-04,2024-07-08,2005,Credit,261.13,0.92,240.24,261.13
1832,1029,2024-09-02,2024-09-05,2015,Credit,77.41,0.96,74.31,77.41
1833,1075,2024-01-04,2024-01-07,2008,Credit,117.27,0.91,106.72,117.27
1834,1051,2024-05-22,2024-05-26,2010,Debit,42.62,0.9,38.36,42.62
1835,1040,2024-05-07,2024-05-11,2002,Credit,111.47,1.08,120.39,111.47
1836,1086,2024-03-22,2024-03-25,2006,Debit,73.99,0.97,71.77,73.99
1837,1036,2024-12-15,2024-12-16,2002,Credit,196.02,0.98,192.1,196.02
1838,1052,2024-06-13,2024-06-16,2016,Credit,108.47,0.99,107.39,108.47
1839,1061,2024-04-26,2024-04-27,2019,Debit,307.8,0.91,280.1,307.8
1840,1036,2024-01-01,2024-01-05,2002,Credit,192.69,0.92,177.27,192.69
1841,1034,2024-06-29,2024-07-02,2005,Credit,206.13,0.91,187.58,206.13
1842,1021,2024-04-02,2024-04-06,2020,Debit,212.14,1.1,233.35,212.14
1843,1076,2024-08-28,2024-08-29,2001,Debit,225.87,1.07,241.68,225.87
1844,1065,2024-01-06,2024-01-07,2009,Credit,88.47,0.92,81.39,88.47
1845,1016,2024-11-06,2024-11-10,2013,Credit,101.46,1.06,107.55,101.46
1846,1029,2024-05-05,2024-05-07,2010,Credit,229.22,0.94,215.47,229.22
1847,1005,2024-08-18,2024-08-21,2012,Debit,449.6,1.07,481.07,449.6
1848,1084,2024-06-18,2024-06-20,2015,Credit,157.36,1.0,157.36,157.36
1849,1019,2024-12-26,2024-12-29,2003,Debit,49.51,1.07,52.98,49.51
1850,1089,2024-01-14,2024-01-17,2007,Credit,417.39,0.97,404.87,417.39
1851,1061,2024-07-15,2024-07-19,2017,Credit,19.52,0.92,17.96,19.52
1852,1083,2024-08-21,2024-08-25,2016,Debit,232.08,0.95,220.48,232.08
1853,1076,2024-01-15,2024-01-17,2014,Credit,164.02,0.91,149.26,164.02
1854,1043,2024-11-21,2024-11-22,2018,Debit,498.93,0.97,483.96,498.93
1855,1053,2024-07-31,2024-08-03,2018,Debit,16.89,0.92,15.54,16.89
1856,1090,2024-05-17,2024-05-18,2019,Credit,477.97,0.97,463.63,477.97
1857,1086,2024-03-27,2024-03-30,2014,Credit,434.71,1.01,439.06,434.71
1858,1071,2024-05-29,2024-06-02,2006,Credit,483.59,1.03,498.1,483.59
1859,1055,2024-01-19,2024-01-23,2013,Debit,13.45,1.1,14.8,13.45
1860,1022,2024-06-30,2024-07-02,2006,Credit,239.6,1.02,244.39,239.6
1861,1045,2024-12-18,2024-12-20,2018,Debit,263.55,0.94,247.74,263.55
1862,1016,2024-12-11,2024-12-13,2014,Debit,163.17,1.01,164.8,163.17
1863,1050,2024-12-27,2024-12-28,2015,Credit,395.94,0.91,360.31,395.94
1864,1062,2024-12-06,2024-12-10,2003,Credit,336.84,0.91,306.52,336.84
1865,1096,2024-07-10,2024-07-12,2017,Debit,250.31,1.07,267.83,250.31
1866,1024,2024-10-06,2024-10-07,2008,Debit,290.51,0.94,273.08,290.51
1867,1032,2024-03-27,2024-03-31,2012,Credit,499.38,0.96,479.4,499.38
1868,1077,2024-07-22,2024-07-24,2008,Debit,454.45,0.98,445.36,454.45
1869,1077,2024-09-03,2024-09-05,2017,Credit,128.92,1.0,128.92,128.92
1870,1073,2024-03-17,2024-03-21,2019,Credit,24.02,0.9,21.62,24.02
1871,1061,2024-02-27,2024-02-28,2003,Credit,10.81,1.02,11.03,10.81
1872,1027,2024-11-09,2024-11-13,2008,Credit,278.81,0.91,253.72,278.81
1873,1065,2024-07-15,2024-07-19,2004,Credit,417.68,1.1,459.45,417.68
1874,1029,2024-08-29,2024-09-02,2014,Debit,99.98,0.98,97.98,99.98
1875,1013,2024-06-12,2024-06-16,2008,Debit,164.46,1.05,172.68,164.46
1876,1085,2024-12-13,2024-12-15,2014,Credit,272.61,1.02,278.06,272.61
1877,1080,2024-06-22,2024-06-26,2011,Debit,79.99,1.09,87.19,79.99
1878,1062,2024-12-21,2024-12-25,2018,Credit,270.08,1.02,275.48,270.08
1879,1018,2024-10-18,2024-10-21,2010,Debit,339.24,0.95,322.28,339.24
1880,1073,2024-12-03,2024-12-06,2007,Debit,35.0,0.98,34.3,35.0
1881,1083,2024-03-22,2024-03-24,2003,Credit,395.45,0.98,387.54,395.45
1882,1025,2024-02-29,2024-03-01,2004,Debit,470.24,0.98,460.84,470.24
1883,1052,2024-09-21,2024-09-23,2001,Debit,250.17,1.04,260.18,250.17
1884,1034,2024-06-27,2024-06-30,2014,Credit,423.17,0.99,418.94,423.17
1885,1096,2024-10-11,2024-10-15,2018,Credit,310.33,0.9,279.3,310.33
1886,1094,2024-07-04,2024-07-06,2011,Credit,419.93,1.01,424.13,419.93
1887,1030,2024-06-05,2024-06-09,2014,Debit,180.62,1.01,182.43,180.62
1888,1079,2024-04-17,2024-04-21,2003,Debit,487.16,1.01,492.03,487.16
1889,1099,2024-11-02,2024-11-05,2002,Debit,369.87,0.92,340.28,369.87
1890,1036,2024-04-05,2024-04-08,2018,Debit,354.3,1.04,368.47,354.3
1891,1043,2024-07-13,2024-07-15,2019,Debit,356.48,1.01,360.04,356.48
1892,1063,2024-11-16,2024-11-18,2002,Credit,455.18,1.08,491.59,455.18
1893,1050,2024-05-18,2024-05-21,2018,Credit,203.06,1.0,203.06,203.06
1894,1077,2024-05-20,2024-05-23,2016,Credit,55.99,0.96,53.75,55.99
1895,1068,2024-11-06,2024-11-09,2008,Debit,323.31,0.96,310.38,323.31
1896,1093,2024-08-10,2024-08-12,2020,Credit,167.81,1.03,172.84,167.81
1897,1096,2024-09-05,2024-09-09,2010,Debit,123.14,1.05,129.3,123.14
1898,1057,2024-06-09,2024-06-13,2012,Debit,311.72,1.08,336.66,311.72
1899,1078,2024-04-28,2024-05-01,2003,Debit,416.89,0.91,379.37,416.89
1900,1097,2024-07-05,2024-07-08,2009,Credit,41.68,0.95,39.6,41.68
1901,1015,2024-09-12,2024-09-14,2011,Credit,93.15,0.9,83.84,93.15
1902,1069,2024-04-19,2024-04-23,2006,Credit,258.85,1.1,284.74,258.85
1903,1087,2024-08-06,2024-08-07,2001,Credit,310.68,0.93,288.93,310.68
1904,1085,2024-05-25,2024-05-26,2004,Debit,379.12,1.03,390.49,379.12
1905,1024,2024-07-24,2024-07-28,2009,Credit,18.29,0.94,17.19,18.29
1906,1077,2024-04-04,2024-04-06,2015,Debit,398.08,1.06,421.96,398.08
1907,1014,2024-01-24,2024-01-28,2012,Credit,283.72,0.99,280.88,283.72
1908,1014,2024-12-25,2024-12-29,2016,Credit,225.72,1.07,241.52,225.72
1909,1092,2024-04-23,2024-04-27,2010,Credit,196.18,0.93,182.45,196.18
1910,1015,2024-11-01,2024-11-05,2006,Debit,488.96,0.94,459.62,488.96
1911,1060,2024-11-08,2024-11-10,2013,Debit,213.26,1.0,213.26,213.26
1912,1089,2024-03-04,2024-03-05,2011,Credit,404.92,1.08,437.31,404.92
1913,1048,2024-12-26,2024-12-28,2009,Credit,349.68,1.08,377.65,349.68
1914,1033,2024-03-21,2024-03-25,2011,Debit,320.94,1.02,327.36,320.94
1915,1050,2024-07-03,2024-07-06,2010,Credit,313.87,1.08,338.98,313.87
1916,1015,2024-04-25,2024-04-29,2016,Debit,55.76,1.08,60.22,55.76
1917,1004,2024-10-19,2024-10-21,2011,Debit,116.93,1.07,125.12,116.93
1918,1057,2024-11-29,2024-12-02,2005,Debit,287.72,1.07,307.86,287.72
1919,1070,2024-07-27,2024-07-29,2017,Debit,26.96,1.09,29.39,26.96
1920,1009,2024-06-11,2024-06-14,2005,Credit,307.2,1.0,307.2,307.2
1921,1064,2024-12-29,2025-01-02,2002,Credit,471.89,1.09,514.36,471.89
1922,1092,2024-05-28,2024-06-01,2004,Debit,434.28,0.96,416.91,434.28
1923,1028,2024-09-12,2024-09-13,2020,Credit,119.32,1.05,125.29,119.32
1924,1024,2024-08-01,2024-08-02,2017,Debit,25.57,1.07,27.36,25.57
1925,1045,2024-10-09,2024-10-12,2014,Credit,159.12,1.06,168.67,159.12
1926,1010,2024-01-26,2024-01-28,2005,Debit,239.9,1.03,247.1,239.9
1927,1098,2024-12-16,2024-12-18,2016,Debit,404.86,1.05,425.1,404.86
1928,1051,2024-06-05,2024-06-09,2011,Debit,186.73,1.03,192.33,186.73
1929,1045,2024-11-20,2024-11-21,2020,Debit,160.63,0.93,149.39,160.63
1930,1020,2024-11-13,2024-11-17,2006,Credit,51.05,1.01,51.56,51.05
1931,1039,2024-01-30,2024-02-03,2020,Debit,343.95,1.06,364.59,343.95
1932,1100,2024-11-28,2024-11-29,2020,Credit,330.14,1.0,330.14,330.14
1933,1068,2024-01-17,2024-01-18,2018,Debit,221.16,0.9,199.04,221.16
1934,1063,2024-01-11,2024-01-14,2017,Debit,490.45,0.95,465.93,490.45
1935,1024,2024-12-27,2024-12-29,2013,Credit,215.46,1.06,228.39,215.46
1936,1015,2024-04-03,2024-04-04,2007,Debit,234.92,1.03,241.97,234.92
1937,1037,2024-07-30,2024-07-31,2006,Debit,115.68,1.04,120.31,115.68
1938,1055,2024-07-08,2024-07-09,2011,Credit,14.74,1.07,15.77,14.74
1939,1045,2024-05-23,2024-05-26,2007,Debit,359.49,1.09,391.84,359.49
1940,1031,2024-07-30,2024-08-02,2001,Debit,141.01,0.95,133.96,141.01
1941,1041,2024-01-04,2024-01-07,2006,Debit,333.23,1.06,353.22,333.23
1942,1041,2024-10-31,2024-11-03,2018,Credit,271.8,0.92,250.06,271.8
1943,1081,2024-11-14,2024-11-16,2008,Debit,302.86,0.98,296.8,302.86
1944,1027,2024-05-31,2024-06-02,2008,Credit,164.43,0.94,154.56,164.43
1945,1012,2024-12-22,2024-12-23,2014,Credit,91.52,1.06,97.01,91.52
1946,1075,2024-07-13,2024-07-17,2013,Debit,340.77,0.97,330.55,340.77
1947,1004,2024-08-19,2024-08-20,2019,Credit,444.63,0.91,404.61,444.63
1948,1034,2024-06-03,2024-06-06,2006,Debit,279.5,0.98,273.91,279.5
1949,1086,2024-07-12,2024-07-15,2017,Credit,108.86,0.92,100.15,108.86
1950,1077,2024-12-02,2024-12-03,2013,Debit,20.66,1.05,21.69,20.66
1951,1100,2024-09-30,2024-10-04,2008,Debit,30.63,1.09,33.39,30.63
1952,1065,2024-11-27,2024-11-30,2018,Credit,89.28,0.97,86.6,89.28
1953,1031,2024-12-16,2024-12-20,2006,Credit,293.3,1.09,319.7,293.3
1954,1060,2024-07-12,2024-07-15,2008,Debit,89.3,1.01,90.19,89.3
1955,1030,2024-01-12,2024-01-16,2011,Credit,20.41,0.91,18.57,20.41
1956,1061,2024-12-15,2024-12-19,2018,Credit,305.16,0.97,296.01,305.16
1957,1043,2024-09-10,2024-09-14,2003,Credit,428.46,1.08,462.74,428.46
1958,1032,2024-12-03,2024-12-06,2006,Credit,406.92,0.99,402.85,406.92
1959,1075,2024-12-14,2024-12-18,2014,Debit,377.13,0.91,343.19,377.13
1960,1042,2024-12-30,2025-01-01,2015,Credit,404.51,0.98,396.42,404.51
1961,1069,2024-01-07,2024-01-09,2004,Credit,264.89,0.94,249.0,264.89
1962,1043,2024-05-13,2024-05-17,2017,Credit,439.38,1.09,478.92,439.38
1963,1031,2024-08-19,2024-08-22,2003,Credit,12.12,1.0,12.12,12.12
1964,1086,2024-08-25,2024-08-29,2015,Debit,24.01,0.96,23.05,24.01
1965,1077,2024-09-29,2024-09-30,2013,Debit,290.75,1.03,299.47,290.75
1966,1081,2024-03-09,2024-03-10,2003,Debit,185.9,0.94,174.75,185.9
1967,1019,2024-07-06,2024-07-07,2007,Credit,66.02,1.03,68.0,66.02
1968,1067,2024-09-27,2024-09-28,2012,Credit,405.97,1.07,434.39,405.97
1969,1079,2024-04-17,2024-04-20,2005,Debit,268.35,0.96,257.62,268.35
1970,1005,2024-04-10,2024-04-14,2007,Credit,423.88,1.09,462.03,423.88
1971,1076,2024-04-20,2024-04-22,2009,Debit,71.68,0.93,66.66,71.68
1972,1063,2024-04-04,2024-04-05,2017,Debit,25.88,1.07,27.69,25.88
1973,1047,2024-06-04,2024-06-08,2005,Debit,232.82,0.9,209.54,232.82
1974,1066,2024-06-19,2024-06-20,2009,Debit,289.13,1.02,294.91,289.13
1975,1074,2024-03-10,2024-03-12,2003,Debit,108.86,0.98,106.68,108.86
1976,1072,2024-09-27,2024-10-01,2015,Credit,141.1,1.09,153.8,141.1
1977,1087,2024-06-02,2024-06-04,2004,Credit,82.56,0.96,79.26,82.56
1978,1049,2024-11-16,2024-11-17,2013,Credit,189.49,0.92,174.33,189.49
1979,1062,2024-05-22,2024-05-25,2006,Debit,224.93,1.08,242.92,224.93
1980,1011,2024-11-25,2024-11-28,2002,Credit,32.46,1.03,33.43,32.46
1981,1081,2024-01-19,2024-01-21,2019,Debit,164.18,1.07,175.67,164.18
1982,1078,2024-08-04,2024-08-05,2017,Debit,371.93,1.06,394.25,371.93
1983,1035,2024-05-12,2024-05-13,2017,Debit,64.77,0.95,61.53,64.77
1984,1017,2024-11-13,2024-11-15,2007,Debit,254.63,0.98,249.54,254.63
1985,1021,2024-10-31,2024-11-04,2012,Credit,241.59,0.92,222.26,241.59
1986,1096,2024-03-31,2024-04-04,2008,Debit,440.44,1.05,462.46,440.44
1987,1039,2024-07-07,2024-07-11,2011,Debit,340.42,0.96,326.8,340.42
1988,1006,2024-10-14,2024-10-16,2017,Debit,21.28,1.06,22.56,21.28
1989,1043,2024-03-02,2024-03-03,2008,Debit,453.89,0.93,422.12,453.89
1990,1090,2024-08-14,2024-08-16,2009,Credit,250.66,0.93,233.11,250.66
1991,1056,2024-12-23,2024-12-26,2020,Debit,415.51,1.04,432.13,415.51
1992,1044,2024-07-04,2024-07-07,2003,Credit,304.09,0.95,288.89,304.09
1993,1022,2024-12-29,2025-01-02,2009,Credit,441.84,0.98,433.0,441.84
1994,1031,2024-10-05,2024-10-09,2004,Credit,22.68,1.08,24.49,22.68
1995,1048,2024-11-09,2024-11-13,2012,Credit,99.97,0.97,96.97,99.97
1996,1043,2024-01-25,2024-01-26,2010,Credit,397.6,1.06,421.46,397.6
1997,1053,2024-11-25,2024-11-27,2020,Debit,308.65,0.97,299.39,308.65
1998,1002,2024-11-25,2024-11-27,2008,Credit,15.04,0.95,14.29,15.04
1999,1057,2024-02-01,2024-02-02,2001,Debit,421.78,0.93,392.26,421.78
2000,1009,2024-10-03,2024-10-04,2009,Debit,338.92,0.94,318.58,338.92
